,VideoID,Link,Transcribed,Duration
0,_-xnZmJwkYc,https://www.youtube.com/watch?v=_-xnZmJwkYc,0,3:8:53
1,_16_fWrQYMg,https://www.youtube.com/watch?v=_16_fWrQYMg,0,6:11
2,_4D_7K9_64o,https://www.youtube.com/watch?v=_4D_7K9_64o,0,1:19
3,_9x4DSlZMms,https://www.youtube.com/watch?v=_9x4DSlZMms,0,4:16
4,_9YAOHdo5xc,https://www.youtube.com/watch?v=_9YAOHdo5xc,0,14:16
5,_BggcHiaff8,https://www.youtube.com/watch?v=_BggcHiaff8,0,7:53
6,_d5gn0F_jvc,https://www.youtube.com/watch?v=_d5gn0F_jvc,0,
7,_dxk_DhK8bo,https://www.youtube.com/watch?v=_dxk_DhK8bo,0,2:2
8,_FRnuiBZ0BY,https://www.youtube.com/watch?v=_FRnuiBZ0BY,0,9:30
9,_kckH6xVw48,https://www.youtube.com/watch?v=_kckH6xVw48,0,1:9
10,_YeKLnNv10o,https://www.youtube.com/watch?v=_YeKLnNv10o,0,2:40:24
11,_YwRRgKlnig,https://www.youtube.com/watch?v=_YwRRgKlnig,0,2:29
12,_zjxi7HxmZ8,https://www.youtube.com/watch?v=_zjxi7HxmZ8,0,5:21
13,-_PBoCuIKXU,https://www.youtube.com/watch?v=-_PBoCuIKXU,0,1:50
14,-3rzessN6cI,https://www.youtube.com/watch?v=-3rzessN6cI,0,2:20
15,-F0weI6d9qg,https://www.youtube.com/watch?v=-F0weI6d9qg,0,8:11
16,-m946ymL2gI,https://www.youtube.com/watch?v=-m946ymL2gI,0,3:35
17,-ULO1J66Qu0,https://www.youtube.com/watch?v=-ULO1J66Qu0,0,1:36
18,-wj8gyaxkOM,https://www.youtube.com/watch?v=-wj8gyaxkOM,0,3:26
19,-Z3YTxXNwlA,https://www.youtube.com/watch?v=-Z3YTxXNwlA,0,1:47
20,-ZM1xNdzb54,https://www.youtube.com/watch?v=-ZM1xNdzb54,0,3:58
21,00lxYuPrvnA,https://www.youtube.com/watch?v=00lxYuPrvnA,0,2:15
22,0etlk6Wq4LQ,https://www.youtube.com/watch?v=0etlk6Wq4LQ,0,1:22
23,0hGdsSbCAiE,https://www.youtube.com/watch?v=0hGdsSbCAiE,0,2:59
24,0oxjwW27xt4,https://www.youtube.com/watch?v=0oxjwW27xt4,0,6:43
25,0s5SP-8R6is,https://www.youtube.com/watch?v=0s5SP-8R6is,0,30
26,0XS5T0kbEQM,https://www.youtube.com/watch?v=0XS5T0kbEQM,0,5:17
27,1_faWFj4A2I,https://www.youtube.com/watch?v=1_faWFj4A2I,0,5:27
28,1-sRDYOLkbg,https://www.youtube.com/watch?v=1-sRDYOLkbg,0,2:57
29,1dwEdhM0YsM,https://www.youtube.com/watch?v=1dwEdhM0YsM,0,5:1
30,1InBj1-VZl8,https://www.youtube.com/watch?v=1InBj1-VZl8,0,7:42
31,1koxcjwUUco,https://www.youtube.com/watch?v=1koxcjwUUco,0,1:54
32,1noRz1YdjAI,https://www.youtube.com/watch?v=1noRz1YdjAI,0,2:4
33,1otz9d702PQ,https://www.youtube.com/watch?v=1otz9d702PQ,0,10:38
34,1qMpzu3uTsc,https://www.youtube.com/watch?v=1qMpzu3uTsc,0,2:12
35,1sjeOLfKEGE,https://www.youtube.com/watch?v=1sjeOLfKEGE,0,4:5
36,1tMt4zWt6AE,https://www.youtube.com/watch?v=1tMt4zWt6AE,0,1:13
37,24KTmB_JXfg,https://www.youtube.com/watch?v=24KTmB_JXfg,0,3:59
38,2Dsg_WtxKdc,https://www.youtube.com/watch?v=2Dsg_WtxKdc,0,9:44
39,2iDNJRz-8lY,https://www.youtube.com/watch?v=2iDNJRz-8lY,0,8:57
40,2JK7uAexvUg,https://www.youtube.com/watch?v=2JK7uAexvUg,0,1:34
41,2man8N6od0A,https://www.youtube.com/watch?v=2man8N6od0A,0,1:48
42,2qbKcuTKrDI,https://www.youtube.com/watch?v=2qbKcuTKrDI,0,10:22
43,2Veg6rHjaMw,https://www.youtube.com/watch?v=2Veg6rHjaMw,0,3:1
44,3-6-AtkO_5I,https://www.youtube.com/watch?v=3-6-AtkO_5I,0,6:45
45,35g7mzkf_U8,https://www.youtube.com/watch?v=35g7mzkf_U8,0,2:31
46,3bkLxKAA3w8,https://www.youtube.com/watch?v=3bkLxKAA3w8,0,6:33
47,3eaEQ2CgKuc,https://www.youtube.com/watch?v=3eaEQ2CgKuc,0,6:11
48,3KVjedMf5J4,https://www.youtube.com/watch?v=3KVjedMf5J4,0,4
49,3se4kBO2sPk,https://www.youtube.com/watch?v=3se4kBO2sPk,0,34
50,3srSwuG9kVw,https://www.youtube.com/watch?v=3srSwuG9kVw,0,49:42
51,3U16ZszwWTA,https://www.youtube.com/watch?v=3U16ZszwWTA,0,1:44
52,3xTrhsBeKvc,https://www.youtube.com/watch?v=3xTrhsBeKvc,0,1:8
53,3XXZAp_3M7A,https://www.youtube.com/watch?v=3XXZAp_3M7A,0,57
54,45xyobON7TY,https://www.youtube.com/watch?v=45xyobON7TY,0,11:5
55,4DZCmgq0Bo4,https://www.youtube.com/watch?v=4DZCmgq0Bo4,0,1:46
56,4GTiO3qHABE,https://www.youtube.com/watch?v=4GTiO3qHABE,0,59
57,4pX3qazappE,https://www.youtube.com/watch?v=4pX3qazappE,0,1:50
58,4RsMCP3FIhI,https://www.youtube.com/watch?v=4RsMCP3FIhI,0,8:45
59,4zDktE2fN44,https://www.youtube.com/watch?v=4zDktE2fN44,0,8:53
60,5_AwJRnRa_8,https://www.youtube.com/watch?v=5_AwJRnRa_8,0,4:45
61,56CJr8n5czo,https://www.youtube.com/watch?v=56CJr8n5czo,0,43
62,59kmhkMn2bE,https://www.youtube.com/watch?v=59kmhkMn2bE,0,54
63,5GnUWkrEXVs,https://www.youtube.com/watch?v=5GnUWkrEXVs,0,10:27
64,5iqqLLefHsc,https://www.youtube.com/watch?v=5iqqLLefHsc,0,7:7
65,5l80odQSoSk,https://www.youtube.com/watch?v=5l80odQSoSk,0,7:12
66,5N5KQmrED2E,https://www.youtube.com/watch?v=5N5KQmrED2E,0,6:39
67,5rsFKqn4Mm0,https://www.youtube.com/watch?v=5rsFKqn4Mm0,0,5:10
68,5uJuGG-OjLI,https://www.youtube.com/watch?v=5uJuGG-OjLI,0,57
69,5Uxg9-mIGX8,https://www.youtube.com/watch?v=5Uxg9-mIGX8,0,3:51
70,5v5wGN5ujic,https://www.youtube.com/watch?v=5v5wGN5ujic,0,1:21
71,5vixelf0Fuc,https://www.youtube.com/watch?v=5vixelf0Fuc,0,6:57
72,63BawpxUrXk,https://www.youtube.com/watch?v=63BawpxUrXk,0,4:5
73,6CkXDg1hmRc,https://www.youtube.com/watch?v=6CkXDg1hmRc,0,12:4
74,6SYIuhm56mI,https://www.youtube.com/watch?v=6SYIuhm56mI,0,7:19
75,6W-vX3thBgg,https://www.youtube.com/watch?v=6W-vX3thBgg,0,6:42
76,6YyLXIwIu-Q,https://www.youtube.com/watch?v=6YyLXIwIu-Q,0,2:17
77,7_KrH_9VGmw,https://www.youtube.com/watch?v=7_KrH_9VGmw,0,2:8
78,733AG8LtWvk,https://www.youtube.com/watch?v=733AG8LtWvk,0,2:22
79,7fRFuz2EMnU,https://www.youtube.com/watch?v=7fRFuz2EMnU,0,6:40
80,7jpWtFJ-uvk,https://www.youtube.com/watch?v=7jpWtFJ-uvk,0,4:12
81,7PWNEv2qI9c,https://www.youtube.com/watch?v=7PWNEv2qI9c,0,1:26
82,8_NFRDQrPpE,https://www.youtube.com/watch?v=8_NFRDQrPpE,0,3:48
83,8bVHgY4doDo,https://www.youtube.com/watch?v=8bVHgY4doDo,0,4:34
84,8DopHhLNZ5Y,https://www.youtube.com/watch?v=8DopHhLNZ5Y,0,1:12
85,8OAnyTVQ4vc,https://www.youtube.com/watch?v=8OAnyTVQ4vc,0,5:31
86,8oCpVUj840E,https://www.youtube.com/watch?v=8oCpVUj840E,0,1:32
87,8rrLyYywwPc,https://www.youtube.com/watch?v=8rrLyYywwPc,0,2:20
88,8SAWknl-e8E,https://www.youtube.com/watch?v=8SAWknl-e8E,0,1:56
89,93_vxt3GDHA,https://www.youtube.com/watch?v=93_vxt3GDHA,0,1:37
90,9aF65t9Qkjg,https://www.youtube.com/watch?v=9aF65t9Qkjg,0,2:33:3
91,9AoKgDyN1uY,https://www.youtube.com/watch?v=9AoKgDyN1uY,0,11:1
92,9cy_Mt7Ces8,https://www.youtube.com/watch?v=9cy_Mt7Ces8,0,6:6
93,9dXVH2omvnU,https://www.youtube.com/watch?v=9dXVH2omvnU,0,2:30
94,9H0vbRJ2xdQ,https://www.youtube.com/watch?v=9H0vbRJ2xdQ,0,1:31:48
95,9hWIcpYenzs,https://www.youtube.com/watch?v=9hWIcpYenzs,0,6:24
96,9JXgb23tkvQ,https://www.youtube.com/watch?v=9JXgb23tkvQ,0,8:8
97,9Pquyw7kVTM,https://www.youtube.com/watch?v=9Pquyw7kVTM,0,6:36
98,9pUaOAphN5s,https://www.youtube.com/watch?v=9pUaOAphN5s,0,2:8
99,9wxU26imCDU,https://www.youtube.com/watch?v=9wxU26imCDU,0,14:59
100,A_H3mNLX8Xc,https://www.youtube.com/watch?v=A_H3mNLX8Xc,0,2:2:9
101,A0-Ri5Rciow,https://www.youtube.com/watch?v=A0-Ri5Rciow,0,2:53
102,a1cwTADqt9A,https://www.youtube.com/watch?v=a1cwTADqt9A,0,30
103,A8HRUwihTg0,https://www.youtube.com/watch?v=A8HRUwihTg0,0,5:45
104,A8ugf6olz3M,https://www.youtube.com/watch?v=A8ugf6olz3M,0,7:24
105,AagqaAQebKk,https://www.youtube.com/watch?v=AagqaAQebKk,0,25:33
106,ab16_RHzTL4,https://www.youtube.com/watch?v=ab16_RHzTL4,0,31
107,AChfeejGudE,https://www.youtube.com/watch?v=AChfeejGudE,0,2:15
108,ADSTTEQpFSA,https://www.youtube.com/watch?v=ADSTTEQpFSA,0,11:35
109,AdVv0YR4Ewk,https://www.youtube.com/watch?v=AdVv0YR4Ewk,0,4:46
110,AHvsOf_V3jw,https://www.youtube.com/watch?v=AHvsOf_V3jw,0,2:59
111,aL9nr5Qn0_o,https://www.youtube.com/watch?v=aL9nr5Qn0_o,0,1:37
112,alN3hTIGFyo,https://www.youtube.com/watch?v=alN3hTIGFyo,0,3:12
113,An-3oRTlCvY,https://www.youtube.com/watch?v=An-3oRTlCvY,0,5:7
114,ANgjp7qy9HA,https://www.youtube.com/watch?v=ANgjp7qy9HA,0,2:59
115,AR53mQ_hGoI,https://www.youtube.com/watch?v=AR53mQ_hGoI,0,48
116,aRErC6Wudwo,https://www.youtube.com/watch?v=aRErC6Wudwo,0,4:32
117,asRw7zYKFAQ,https://www.youtube.com/watch?v=asRw7zYKFAQ,0,30
118,AUXvA5--qTY,https://www.youtube.com/watch?v=AUXvA5--qTY,0,6:48
119,awx7izTX5jQ,https://www.youtube.com/watch?v=awx7izTX5jQ,0,4:58
120,Ay-IdvZCkew,https://www.youtube.com/watch?v=Ay-IdvZCkew,0,52
121,b0RgkTe3qGM,https://www.youtube.com/watch?v=b0RgkTe3qGM,0,2:9
122,bEbux_Nc5s4,https://www.youtube.com/watch?v=bEbux_Nc5s4,0,7:10
123,Bi7adBaoBSY,https://www.youtube.com/watch?v=Bi7adBaoBSY,0,5:21
124,BJuwU1aEWgw,https://www.youtube.com/watch?v=BJuwU1aEWgw,0,7:24
125,BKSRmJn32Rs,https://www.youtube.com/watch?v=BKSRmJn32Rs,0,1:5
126,BN8rrcRR6Xg,https://www.youtube.com/watch?v=BN8rrcRR6Xg,0,2:35:27
127,boCS71jCP3M,https://www.youtube.com/watch?v=boCS71jCP3M,0,10:21
128,bOCx853wJ3E,https://www.youtube.com/watch?v=bOCx853wJ3E,0,7:20
129,BR7xSqOBxPo,https://www.youtube.com/watch?v=BR7xSqOBxPo,0,12:24
130,BRvMkZoH9rc,https://www.youtube.com/watch?v=BRvMkZoH9rc,0,1:23
131,BUCYjed-3Jo,https://www.youtube.com/watch?v=BUCYjed-3Jo,0,5:32
132,bVY4S32xq80,https://www.youtube.com/watch?v=bVY4S32xq80,0,2:59
133,bxhMLyla78I,https://www.youtube.com/watch?v=bxhMLyla78I,0,1:54
134,BxVOOGeOuq0,https://www.youtube.com/watch?v=BxVOOGeOuq0,0,2:7:34
135,c_qoYTYCSG8,https://www.youtube.com/watch?v=c_qoYTYCSG8,0,9:55
136,C4gAaz_6Z9Y,https://www.youtube.com/watch?v=C4gAaz_6Z9Y,0,42:35
137,C7Nxc5rwK_o,https://www.youtube.com/watch?v=C7Nxc5rwK_o,0,2:42
138,c8OdMXVMHT8,https://www.youtube.com/watch?v=c8OdMXVMHT8,0,1:36
139,cABfEaP2IHo,https://www.youtube.com/watch?v=cABfEaP2IHo,0,7:54
140,cB3O2OTCUTM,https://www.youtube.com/watch?v=cB3O2OTCUTM,0,13:4
141,cBM-Opwnwo8,https://www.youtube.com/watch?v=cBM-Opwnwo8,0,2:23
142,chb6F9Q7CWU,https://www.youtube.com/watch?v=chb6F9Q7CWU,0,8:22
143,Cj2vBG5vXU0,https://www.youtube.com/watch?v=Cj2vBG5vXU0,0,7:6
144,Cm_V3cyOScQ,https://www.youtube.com/watch?v=Cm_V3cyOScQ,0,3:6
145,coX6aUiBunw,https://www.youtube.com/watch?v=coX6aUiBunw,0,2:49
146,CR5HtTsUl5E,https://www.youtube.com/watch?v=CR5HtTsUl5E,0,13:36
147,CSK7WsQS5S0,https://www.youtube.com/watch?v=CSK7WsQS5S0,0,10:16
148,CvbXYB21p4o,https://www.youtube.com/watch?v=CvbXYB21p4o,0,1:47
149,CYeL5_bG1ZE,https://www.youtube.com/watch?v=CYeL5_bG1ZE,0,2:13
150,DD-EikEPw4E,https://www.youtube.com/watch?v=DD-EikEPw4E,0,7:47
151,dDxk_qVS6H0,https://www.youtube.com/watch?v=dDxk_qVS6H0,0,5:55
152,dGULOR0qOjA,https://www.youtube.com/watch?v=dGULOR0qOjA,0,2:42
153,dI-Xx89-b4w,https://www.youtube.com/watch?v=dI-Xx89-b4w,0,4:3
154,di2kJcyy1BM,https://www.youtube.com/watch?v=di2kJcyy1BM,0,8:55
155,diFkCJ802vY,https://www.youtube.com/watch?v=diFkCJ802vY,0,5:12
156,dITsguJFQoc,https://www.youtube.com/watch?v=dITsguJFQoc,0,2:43
157,dKC3j3HFxoI,https://www.youtube.com/watch?v=dKC3j3HFxoI,0,14:38
158,DltKfvtXtEg,https://www.youtube.com/watch?v=DltKfvtXtEg,0,9:51
159,DnkLfQ-JpSY,https://www.youtube.com/watch?v=DnkLfQ-JpSY,0,3:52
160,DPrSSQcCjj0,https://www.youtube.com/watch?v=DPrSSQcCjj0,0,14:31
161,Ds5l8U_ZjlI,https://www.youtube.com/watch?v=Ds5l8U_ZjlI,0,4:40
162,DTwdhSiu3ck,https://www.youtube.com/watch?v=DTwdhSiu3ck,0,2:22
163,duoubmYpqBk,https://www.youtube.com/watch?v=duoubmYpqBk,0,4:50
164,dwcmN-Uax7k,https://www.youtube.com/watch?v=dwcmN-Uax7k,0,5:23
165,dXYeQ7hGMbg,https://www.youtube.com/watch?v=dXYeQ7hGMbg,0,9:28
166,E0MqXuryFG4,https://www.youtube.com/watch?v=E0MqXuryFG4,0,8:2
167,e3sXB5pClnw,https://www.youtube.com/watch?v=e3sXB5pClnw,0,20
168,E3Y2PKiWMRs,https://www.youtube.com/watch?v=E3Y2PKiWMRs,0,16:15
169,e4vGZo9REBA,https://www.youtube.com/watch?v=e4vGZo9REBA,0,2:8
170,E60iQmIq72E,https://www.youtube.com/watch?v=E60iQmIq72E,0,8:32
171,e8yOgLdBZFE,https://www.youtube.com/watch?v=e8yOgLdBZFE,0,3:17
172,EFzGb3DYHQo,https://www.youtube.com/watch?v=EFzGb3DYHQo,0,2:17
173,eiIPmWNjC38,https://www.youtube.com/watch?v=eiIPmWNjC38,0,1:8
174,etbMY2hrCLk,https://www.youtube.com/watch?v=etbMY2hrCLk,0,7:7
175,Etq2VsUjhho,https://www.youtube.com/watch?v=Etq2VsUjhho,0,38:30
176,f-WUSeZhHJI,https://www.youtube.com/watch?v=f-WUSeZhHJI,0,59
177,f1i_ukiLQYY,https://www.youtube.com/watch?v=f1i_ukiLQYY,0,1:41
178,F4-QgH_wHZw,https://www.youtube.com/watch?v=F4-QgH_wHZw,0,3:43
179,f76vHnUNDrY,https://www.youtube.com/watch?v=f76vHnUNDrY,0,1:38
180,fbe8zgbwOI0,https://www.youtube.com/watch?v=fbe8zgbwOI0,0,2:17
181,fbyOo_X4sBY,https://www.youtube.com/watch?v=fbyOo_X4sBY,0,1:15:50
182,FBYoZ-FgC84,https://www.youtube.com/watch?v=FBYoZ-FgC84,0,5:45
183,fDdYiDyeKDs,https://www.youtube.com/watch?v=fDdYiDyeKDs,0,11:6
184,fe_Ofjozmjs,https://www.youtube.com/watch?v=fe_Ofjozmjs,0,4:19
185,Fi9VV9FHOkY,https://www.youtube.com/watch?v=Fi9VV9FHOkY,0,1:39
186,FjAr-EOmJoc,https://www.youtube.com/watch?v=FjAr-EOmJoc,0,3:15
187,fmYMd92PqUk,https://www.youtube.com/watch?v=fmYMd92PqUk,0,9:12
188,fnyljp3X4jU,https://www.youtube.com/watch?v=fnyljp3X4jU,0,5:41
189,FoRUByMrf1g,https://www.youtube.com/watch?v=FoRUByMrf1g,0,1:20
190,FPGGWJw-sp4,https://www.youtube.com/watch?v=FPGGWJw-sp4,0,1:43
191,fTx9tOmU1sY,https://www.youtube.com/watch?v=fTx9tOmU1sY,0,13:12
192,fvbLWfgnngg,https://www.youtube.com/watch?v=fvbLWfgnngg,0,4:41
193,fZ3s222e-sU,https://www.youtube.com/watch?v=fZ3s222e-sU,0,3:55
194,fzmiwbHbAcQ,https://www.youtube.com/watch?v=fzmiwbHbAcQ,0,6:20
195,G_8RwctMshw,https://www.youtube.com/watch?v=G_8RwctMshw,0,2:43
196,G-VexV4s3J4,https://www.youtube.com/watch?v=G-VexV4s3J4,0,9:13
197,G0yaF7rw928,https://www.youtube.com/watch?v=G0yaF7rw928,0,8:24
198,G7QQVATrLkE,https://www.youtube.com/watch?v=G7QQVATrLkE,0,1:39
199,G8BdYALTyww,https://www.youtube.com/watch?v=G8BdYALTyww,0,59
200,g8iR2MWw5cw,https://www.youtube.com/watch?v=g8iR2MWw5cw,0,14:41
201,G8TvpARWTjY,https://www.youtube.com/watch?v=G8TvpARWTjY,0,3:21
202,gA6pdRXSlJw,https://www.youtube.com/watch?v=gA6pdRXSlJw,0,36
203,gFDJrF8wqgQ,https://www.youtube.com/watch?v=gFDJrF8wqgQ,0,20:47
204,gFXILIBTfG4,https://www.youtube.com/watch?v=gFXILIBTfG4,0,8:29
205,GHgVgEI9oMU,https://www.youtube.com/watch?v=GHgVgEI9oMU,0,4:32
206,gj-bxPfzjAI,https://www.youtube.com/watch?v=gj-bxPfzjAI,0,30
207,gJTlhZX4Hkc,https://www.youtube.com/watch?v=gJTlhZX4Hkc,0,3:49:50
208,gNPquC9iG_Q,https://www.youtube.com/watch?v=gNPquC9iG_Q,0,2:14:21
209,GNzIB0QXpNE,https://www.youtube.com/watch?v=GNzIB0QXpNE,0,17:22
210,GRRvMPSDveU,https://www.youtube.com/watch?v=GRRvMPSDveU,0,4:42
211,Gx2qBnlCVx4,https://www.youtube.com/watch?v=Gx2qBnlCVx4,0,1:55
212,h-tBErY7ZGE,https://www.youtube.com/watch?v=h-tBErY7ZGE,0,4:19
213,H0Hmv-HS8Do,https://www.youtube.com/watch?v=H0Hmv-HS8Do,0,2:51
214,h2geIAFU3MI,https://www.youtube.com/watch?v=h2geIAFU3MI,0,14:21
215,h2NL0eRaKIs,https://www.youtube.com/watch?v=h2NL0eRaKIs,0,9:31
216,h4cKDTL2dhw,https://www.youtube.com/watch?v=h4cKDTL2dhw,0,1:32
217,h4t56qewd_c,https://www.youtube.com/watch?v=h4t56qewd_c,0,37
218,HABbAHdfdXk,https://www.youtube.com/watch?v=HABbAHdfdXk,0,13:13
219,hBvZH-HmEK0,https://www.youtube.com/watch?v=hBvZH-HmEK0,0,34
220,HD6vGUzuJZ4,https://www.youtube.com/watch?v=HD6vGUzuJZ4,0,48:19
221,heSgyPxdFig,https://www.youtube.com/watch?v=heSgyPxdFig,0,2:23:8
222,HhhAFcLAfgU,https://www.youtube.com/watch?v=HhhAFcLAfgU,0,1:8
223,hI0Pm4Zu-k8,https://www.youtube.com/watch?v=hI0Pm4Zu-k8,0,3:8
224,HIkgY0Rz1jU,https://www.youtube.com/watch?v=HIkgY0Rz1jU,0,4:51
225,hIOjpi4L300,https://www.youtube.com/watch?v=hIOjpi4L300,0,1:39
226,HiQajZ0WqUQ,https://www.youtube.com/watch?v=HiQajZ0WqUQ,0,3:4
227,Hjz_h2xHGZM,https://www.youtube.com/watch?v=Hjz_h2xHGZM,0,6:27
228,HNVvQij4r4E,https://www.youtube.com/watch?v=HNVvQij4r4E,0,3:36:53
229,hnWKGMNLHio,https://www.youtube.com/watch?v=hnWKGMNLHio,0,7:55
230,Hoe3g_Sxwe0,https://www.youtube.com/watch?v=Hoe3g_Sxwe0,0,2:59
231,HryYsiKwK1c,https://www.youtube.com/watch?v=HryYsiKwK1c,0,1:19
232,HUkywe-RadU,https://www.youtube.com/watch?v=HUkywe-RadU,0,2:10
233,hupH1zvf-8k,https://www.youtube.com/watch?v=hupH1zvf-8k,0,6:39
234,HZOzruxA6bA,https://www.youtube.com/watch?v=HZOzruxA6bA,0,5:54
235,i_dY6DhNGx8,https://www.youtube.com/watch?v=i_dY6DhNGx8,0,39
236,i2NL_GBj9yw,https://www.youtube.com/watch?v=i2NL_GBj9yw,0,5:19
237,I4XU_lMEooY,https://www.youtube.com/watch?v=I4XU_lMEooY,0,2:22:6
238,IeIv0Kk7E9g,https://www.youtube.com/watch?v=IeIv0Kk7E9g,0,2:59
239,iEnP_xYobE8,https://www.youtube.com/watch?v=iEnP_xYobE8,0,2:11
240,if9G7Tt-sZE,https://www.youtube.com/watch?v=if9G7Tt-sZE,0,15:12
241,IgfrFswLLzo,https://www.youtube.com/watch?v=IgfrFswLLzo,0,37
242,IHJHVuQ5E5E,https://www.youtube.com/watch?v=IHJHVuQ5E5E,0,25:53
243,ijQd9mqMgCc,https://www.youtube.com/watch?v=ijQd9mqMgCc,0,5:17
244,ijvdGeDvz-4,https://www.youtube.com/watch?v=ijvdGeDvz-4,0,5:4
245,IMFccRM1Ay8,https://www.youtube.com/watch?v=IMFccRM1Ay8,0,2:27:31
246,ImX6YDZlOLw,https://www.youtube.com/watch?v=ImX6YDZlOLw,0,1:32
247,IQfhLeMJ32o,https://www.youtube.com/watch?v=IQfhLeMJ32o,0,3:28
248,iqFu1awvhws,https://www.youtube.com/watch?v=iqFu1awvhws,0,4:6
249,iuqUe9pdTc0,https://www.youtube.com/watch?v=iuqUe9pdTc0,0,2:59
250,iVXGZ99PsdQ,https://www.youtube.com/watch?v=iVXGZ99PsdQ,0,3:50
251,iw8_CDypwjE,https://www.youtube.com/watch?v=iw8_CDypwjE,0,34
252,J1X2uy2QDx4,https://www.youtube.com/watch?v=J1X2uy2QDx4,0,8:1
253,J69NF6aXY6s,https://www.youtube.com/watch?v=J69NF6aXY6s,0,3:15
254,jASgw-2k3BQ,https://www.youtube.com/watch?v=jASgw-2k3BQ,0,1:26
255,jCCzaz18imQ,https://www.youtube.com/watch?v=jCCzaz18imQ,0,15:32
256,jDeevLZhCLc,https://www.youtube.com/watch?v=jDeevLZhCLc,0,6:56
257,JIyzd_2KPZc,https://www.youtube.com/watch?v=JIyzd_2KPZc,0,1:12:52
258,jlQz1KckSNA,https://www.youtube.com/watch?v=jlQz1KckSNA,0,5:24
259,JM_xzNp0kfg,https://www.youtube.com/watch?v=JM_xzNp0kfg,0,3:1
260,JnhUmq0va4A,https://www.youtube.com/watch?v=JnhUmq0va4A,0,13:52
261,jpDPikbzdEQ,https://www.youtube.com/watch?v=jpDPikbzdEQ,0,1:34
262,jQIb5YOkG60,https://www.youtube.com/watch?v=jQIb5YOkG60,0,9:17
263,JQTctGQOhsg,https://www.youtube.com/watch?v=JQTctGQOhsg,0,9
264,JTYhqegZ0og,https://www.youtube.com/watch?v=JTYhqegZ0og,0,1:48
265,jUbxtx1umBY,https://www.youtube.com/watch?v=jUbxtx1umBY,0,29
266,jWQHuRWxRp4,https://www.youtube.com/watch?v=jWQHuRWxRp4,0,11:39
267,jzSX_uBstSA,https://www.youtube.com/watch?v=jzSX_uBstSA,0,5:16
268,K_HDrDrkLi0,https://www.youtube.com/watch?v=K_HDrDrkLi0,0,3:56
269,k50j5ErghUw,https://www.youtube.com/watch?v=k50j5ErghUw,0,2:18
270,k9dkhESbi5A,https://www.youtube.com/watch?v=k9dkhESbi5A,0,1:58
271,kA2bcd2YBBU,https://www.youtube.com/watch?v=kA2bcd2YBBU,0,12
272,kcYXD4olqPE,https://www.youtube.com/watch?v=kcYXD4olqPE,0,15
273,Kd2EoX7NsT8,https://www.youtube.com/watch?v=Kd2EoX7NsT8,0,52:2
274,kDcPc2Qpo6g,https://www.youtube.com/watch?v=kDcPc2Qpo6g,0,17:14
275,kGAAAD87QHU,https://www.youtube.com/watch?v=kGAAAD87QHU,0,1:46
276,kITl64oxKsw,https://www.youtube.com/watch?v=kITl64oxKsw,0,49
277,kjrPQQWtCog,https://www.youtube.com/watch?v=kjrPQQWtCog,0,10:57
278,kVitH9hI8Sg,https://www.youtube.com/watch?v=kVitH9hI8Sg,0,1:13
279,KWojVQUNeSA,https://www.youtube.com/watch?v=KWojVQUNeSA,0,2:6
280,L29RbGb3MvY,https://www.youtube.com/watch?v=L29RbGb3MvY,0,2:17
281,lC7nJjRfU_Y,https://www.youtube.com/watch?v=lC7nJjRfU_Y,0,1:23
282,lFTDnYMdV5U,https://www.youtube.com/watch?v=lFTDnYMdV5U,0,1:26:18
283,lhPzx9s-Opc,https://www.youtube.com/watch?v=lhPzx9s-Opc,0,1:33
284,lJwfFXU51Xk,https://www.youtube.com/watch?v=lJwfFXU51Xk,0,51
285,lT0vFWcIshc,https://www.youtube.com/watch?v=lT0vFWcIshc,0,2:28
286,LWFEc6G3rco,https://www.youtube.com/watch?v=LWFEc6G3rco,0,1:39
287,lx6Zr6lrTaI,https://www.youtube.com/watch?v=lx6Zr6lrTaI,0,2:18
288,M9aUzNov5SM,https://www.youtube.com/watch?v=M9aUzNov5SM,0,1:5
289,M9VSpOiwwDU,https://www.youtube.com/watch?v=M9VSpOiwwDU,0,14:51
290,MAbYineBfRE,https://www.youtube.com/watch?v=MAbYineBfRE,0,1:52
291,Md8J3P5kQg8,https://www.youtube.com/watch?v=Md8J3P5kQg8,0,1:20:47
292,MDI7rKWNyUs,https://www.youtube.com/watch?v=MDI7rKWNyUs,0,1:49
293,MGo0h27xwVc,https://www.youtube.com/watch?v=MGo0h27xwVc,0,2:45
294,MHCRGP5G1hM,https://www.youtube.com/watch?v=MHCRGP5G1hM,0,3:4:43
295,MIW9yztX4R4,https://www.youtube.com/watch?v=MIW9yztX4R4,0,1:11
296,mjekd4noS1U,https://www.youtube.com/watch?v=mjekd4noS1U,0,2:48
297,mjWU9l1mWsU,https://www.youtube.com/watch?v=mjWU9l1mWsU,0,7:1
298,mLpbkMG6VfU,https://www.youtube.com/watch?v=mLpbkMG6VfU,0,3:41
299,Mny6I34JW6Q,https://www.youtube.com/watch?v=Mny6I34JW6Q,0,7:50
300,mU6xNwie_mY,https://www.youtube.com/watch?v=mU6xNwie_mY,0,3:39
301,mYqKjsrFmJA,https://www.youtube.com/watch?v=mYqKjsrFmJA,0,3:30
302,n2KVFz4cXIs,https://www.youtube.com/watch?v=n2KVFz4cXIs,0,3:16
303,nB7SwkKa4pM,https://www.youtube.com/watch?v=nB7SwkKa4pM,0,1:43
304,nBFyrKYI6TU,https://www.youtube.com/watch?v=nBFyrKYI6TU,0,9:16
305,ndMz7LiSRhw,https://www.youtube.com/watch?v=ndMz7LiSRhw,0,10:27
306,NJoGsA0HY9Q,https://www.youtube.com/watch?v=NJoGsA0HY9Q,0,7:20
307,NntQb_4-NlQ,https://www.youtube.com/watch?v=NntQb_4-NlQ,0,14:2
308,NUwbKD5VN0Q,https://www.youtube.com/watch?v=NUwbKD5VN0Q,0,5:40
309,nX18WQvyLMQ,https://www.youtube.com/watch?v=nX18WQvyLMQ,0,2
310,NxwspcPEi8U,https://www.youtube.com/watch?v=NxwspcPEi8U,0,6:49
311,Ny6yq8nYzlA,https://www.youtube.com/watch?v=Ny6yq8nYzlA,0,2:14
312,O_cfE7HOUHM,https://www.youtube.com/watch?v=O_cfE7HOUHM,0,30
313,O4HhzskciDs,https://www.youtube.com/watch?v=O4HhzskciDs,0,2:48:29
314,O5uVCgb4o_Q,https://www.youtube.com/watch?v=O5uVCgb4o_Q,0,1:37
315,O6TrbtbLeWQ,https://www.youtube.com/watch?v=O6TrbtbLeWQ,0,19:48
316,o6YtNHX1bP8,https://www.youtube.com/watch?v=o6YtNHX1bP8,0,2:46
317,O9PPDw65hd0,https://www.youtube.com/watch?v=O9PPDw65hd0,0,6:20
318,oBYXZMBEkMs,https://www.youtube.com/watch?v=oBYXZMBEkMs,0,12:21
319,ocWwSArbytE,https://www.youtube.com/watch?v=ocWwSArbytE,0,6:40
320,oe1ODfyjAN8,https://www.youtube.com/watch?v=oe1ODfyjAN8,0,7:53
321,olIRRYTm5Z4,https://www.youtube.com/watch?v=olIRRYTm5Z4,0,9:25
322,oMoNZZoCJIY,https://www.youtube.com/watch?v=oMoNZZoCJIY,0,3:8
323,Opw9G1qKCcM,https://www.youtube.com/watch?v=Opw9G1qKCcM,0,11:18
324,OTM0j-p_5GE,https://www.youtube.com/watch?v=OTM0j-p_5GE,0,2:30
325,p_ETYBpqsro,https://www.youtube.com/watch?v=p_ETYBpqsro,0,11:54
326,P-T2fGRSQ1U,https://www.youtube.com/watch?v=P-T2fGRSQ1U,0,12:1
327,P0VEXat2Oyc,https://www.youtube.com/watch?v=P0VEXat2Oyc,0,2:5
328,p0zCmMSaka0,https://www.youtube.com/watch?v=p0zCmMSaka0,0,2:29
329,p4d593QWmA8,https://www.youtube.com/watch?v=p4d593QWmA8,0,1:50:47
330,p5nzZEOm2YE,https://www.youtube.com/watch?v=p5nzZEOm2YE,0,5:14
331,PAaWZTFRP9Q,https://www.youtube.com/watch?v=PAaWZTFRP9Q,0,1:43:32
332,PcZQG2HPtwg,https://www.youtube.com/watch?v=PcZQG2HPtwg,0,1:32
333,PfR4ulw-QyY,https://www.youtube.com/watch?v=PfR4ulw-QyY,0,3:6
334,pg1muVBoHBw,https://www.youtube.com/watch?v=pg1muVBoHBw,0,1:48
335,PgJuZ76aKUo,https://www.youtube.com/watch?v=PgJuZ76aKUo,0,1:29
336,pHAW1ppiWq0,https://www.youtube.com/watch?v=pHAW1ppiWq0,0,3:17
337,pK1ZC9eaWFM,https://www.youtube.com/watch?v=pK1ZC9eaWFM,0,14:17
338,pKvyl1163M0,https://www.youtube.com/watch?v=pKvyl1163M0,0,1:1
339,pLTVpP7i168,https://www.youtube.com/watch?v=pLTVpP7i168,0,2:20
340,PQgDo8da2Ds,https://www.youtube.com/watch?v=PQgDo8da2Ds,0,8:9
341,Pt0SbgOs9uQ,https://www.youtube.com/watch?v=Pt0SbgOs9uQ,0,2:30:54
342,puRWLEvIszo,https://www.youtube.com/watch?v=puRWLEvIszo,0,1:52
343,PVhSjMMlXeI,https://www.youtube.com/watch?v=PVhSjMMlXeI,0,1:6
344,pZWZb6E9HqE,https://www.youtube.com/watch?v=pZWZb6E9HqE,0,1:21
345,q-KyxIfiR2s,https://www.youtube.com/watch?v=q-KyxIfiR2s,0,2:59
346,q5m6tMjcF8k,https://www.youtube.com/watch?v=q5m6tMjcF8k,0,10:38
347,q7JlZxcH_i4,https://www.youtube.com/watch?v=q7JlZxcH_i4,0,5:4
348,Qc4eNVswmDk,https://www.youtube.com/watch?v=Qc4eNVswmDk,0,20:49
349,qElRoK4rKcQ,https://www.youtube.com/watch?v=qElRoK4rKcQ,0,5:37
350,qRp9MYhTjWY,https://www.youtube.com/watch?v=qRp9MYhTjWY,0,1:34
351,qS7ZheGGEN4,https://www.youtube.com/watch?v=qS7ZheGGEN4,0,4:38
352,Qunpw46qxxk,https://www.youtube.com/watch?v=Qunpw46qxxk,0,1:4
353,Qy0XLnt1fy0,https://www.youtube.com/watch?v=Qy0XLnt1fy0,0,20:13
354,r1suDICxi70,https://www.youtube.com/watch?v=r1suDICxi70,0,9
355,r5Cm9VrtmWM,https://www.youtube.com/watch?v=r5Cm9VrtmWM,0,1:32
356,rj7nbq_1E-Y,https://www.youtube.com/watch?v=rj7nbq_1E-Y,0,10:29
357,rPoet-y4a5U,https://www.youtube.com/watch?v=rPoet-y4a5U,0,3:35
358,RPqqT1csiPQ,https://www.youtube.com/watch?v=RPqqT1csiPQ,0,31
359,RTr49FVzrEY,https://www.youtube.com/watch?v=RTr49FVzrEY,0,5:52
360,s-YYpKnRgcQ,https://www.youtube.com/watch?v=s-YYpKnRgcQ,0,12:25
361,s4UgVF1-WZk,https://www.youtube.com/watch?v=s4UgVF1-WZk,0,16
362,sBk0idLYOTg,https://www.youtube.com/watch?v=sBk0idLYOTg,0,6:38
363,sDBa3UbDVCo,https://www.youtube.com/watch?v=sDBa3UbDVCo,0,2:32
364,SdFevtIg074,https://www.youtube.com/watch?v=SdFevtIg074,0,2:21
365,sdMNgGD9G_M,https://www.youtube.com/watch?v=sdMNgGD9G_M,0,5:7
366,sDNtmLV1K8U,https://www.youtube.com/watch?v=sDNtmLV1K8U,0,2:46
367,sDo_6XgeYoU,https://www.youtube.com/watch?v=sDo_6XgeYoU,0,4:57
368,SG8lFn1Kxhc,https://www.youtube.com/watch?v=SG8lFn1Kxhc,0,5:21
369,sh6JQJJAsho,https://www.youtube.com/watch?v=sh6JQJJAsho,0,18
370,SKwLz6aI3aU,https://www.youtube.com/watch?v=SKwLz6aI3aU,0,2:54
371,SmFivBAWAgs,https://www.youtube.com/watch?v=SmFivBAWAgs,0,7:58
372,SUdrxzTSSXE,https://www.youtube.com/watch?v=SUdrxzTSSXE,0,2:27:30
373,sWgV3y52un0,https://www.youtube.com/watch?v=sWgV3y52un0,0,2:42:3
374,t9uRS7DWhKQ,https://www.youtube.com/watch?v=t9uRS7DWhKQ,0,2:11
375,TahRgO2-9r4,https://www.youtube.com/watch?v=TahRgO2-9r4,0,4:11
376,TD37CH3Dc-w,https://www.youtube.com/watch?v=TD37CH3Dc-w,0,2:27
377,TdjgAbdgBkY,https://www.youtube.com/watch?v=TdjgAbdgBkY,0,14:36
378,te6Iu63dcsw,https://www.youtube.com/watch?v=te6Iu63dcsw,0,11:41
379,tHl9jLqFUQI,https://www.youtube.com/watch?v=tHl9jLqFUQI,0,6:50
380,tIYEBXenJV8,https://www.youtube.com/watch?v=tIYEBXenJV8,0,3:9
381,TJBRJt1K4OM,https://www.youtube.com/watch?v=TJBRJt1K4OM,0,9:59
382,Tl3LSdatgdw,https://www.youtube.com/watch?v=Tl3LSdatgdw,0,1:40:5
383,TMHhylNs-3Q,https://www.youtube.com/watch?v=TMHhylNs-3Q,0,8:40
384,TNuBBNB-gXw,https://www.youtube.com/watch?v=TNuBBNB-gXw,0,8:56
385,tnwLEMfpBMA,https://www.youtube.com/watch?v=tnwLEMfpBMA,0,5:12
386,tP3zyrhIXkw,https://www.youtube.com/watch?v=tP3zyrhIXkw,0,4:31
387,tRyYCm8Rm2w,https://www.youtube.com/watch?v=tRyYCm8Rm2w,0,4:13
388,Ts4BcS_kw4k,https://www.youtube.com/watch?v=Ts4BcS_kw4k,0,9:11
389,ttVQB8sAhCQ,https://www.youtube.com/watch?v=ttVQB8sAhCQ,0,2:14:10
390,ttwzSjHgAm0,https://www.youtube.com/watch?v=ttwzSjHgAm0,0,3:5
391,twL4OsI-tM8,https://www.youtube.com/watch?v=twL4OsI-tM8,0,14:41
392,TYWI929nZKg,https://www.youtube.com/watch?v=TYWI929nZKg,0,4:52
393,tZipezSJKX0,https://www.youtube.com/watch?v=tZipezSJKX0,0,55
394,tzssCc4AzcI,https://www.youtube.com/watch?v=tzssCc4AzcI,0,1:27
395,u-xx8QpSGLA,https://www.youtube.com/watch?v=u-xx8QpSGLA,0,10:11
396,u16jxs_NM2c,https://www.youtube.com/watch?v=u16jxs_NM2c,0,2:3:45
397,u8mDuE_LNEM,https://www.youtube.com/watch?v=u8mDuE_LNEM,0,1:14
398,UCEGcm7G5dI,https://www.youtube.com/watch?v=UCEGcm7G5dI,0,5:21
399,UFjNPvgAosw,https://www.youtube.com/watch?v=UFjNPvgAosw,0,5:40
400,Ug8OoFAFfZ0,https://www.youtube.com/watch?v=Ug8OoFAFfZ0,0,12:26
401,UgWTQ03HgBA,https://www.youtube.com/watch?v=UgWTQ03HgBA,0,4:49
402,Uhbs4zP7pt0,https://www.youtube.com/watch?v=Uhbs4zP7pt0,0,1:51
403,uLh0emnuhYY,https://www.youtube.com/watch?v=uLh0emnuhYY,0,4:18
404,UnjSqDATH7U,https://www.youtube.com/watch?v=UnjSqDATH7U,0,6:23
405,upj4j89yDAQ,https://www.youtube.com/watch?v=upj4j89yDAQ,0,12:55
406,UPs6EOEIQ90,https://www.youtube.com/watch?v=UPs6EOEIQ90,0,45
407,UVC_nFv3n5U,https://www.youtube.com/watch?v=UVC_nFv3n5U,0,9:21
408,uWAGOjBpO0k,https://www.youtube.com/watch?v=uWAGOjBpO0k,0,5:22
409,V_cUKAmLJio,https://www.youtube.com/watch?v=V_cUKAmLJio,0,1:1
410,v1saF60SGW0,https://www.youtube.com/watch?v=v1saF60SGW0,0,2:27
411,v87zRhmvIBo,https://www.youtube.com/watch?v=v87zRhmvIBo,0,3:14
412,vA-P06J_i5I,https://www.youtube.com/watch?v=vA-P06J_i5I,0,1:57
413,VAn8t80lclM,https://www.youtube.com/watch?v=VAn8t80lclM,0,4:15
414,VbBQa7cMmrI,https://www.youtube.com/watch?v=VbBQa7cMmrI,0,1:42
415,vbMHCgYNRcw,https://www.youtube.com/watch?v=vbMHCgYNRcw,0,54
416,vbTpiJRu9d0,https://www.youtube.com/watch?v=vbTpiJRu9d0,0,4:10
417,vDrjJDJMvr0,https://www.youtube.com/watch?v=vDrjJDJMvr0,0,3:27
418,VgjT6O-liMM,https://www.youtube.com/watch?v=VgjT6O-liMM,0,13:24
419,VmbIFdVKMvk,https://www.youtube.com/watch?v=VmbIFdVKMvk,0,4:28
420,vNUv9JV7dwE,https://www.youtube.com/watch?v=vNUv9JV7dwE,0,1:49
421,VpJVKQS6sps,https://www.youtube.com/watch?v=VpJVKQS6sps,0,1:3
422,vR2CclEUVc0,https://www.youtube.com/watch?v=vR2CclEUVc0,0,1:33:8
423,vRFyoxdDbFY,https://www.youtube.com/watch?v=vRFyoxdDbFY,0,7:6
424,VRw8oOWZtjc,https://www.youtube.com/watch?v=VRw8oOWZtjc,0,7:42
425,VvCOMspezKM,https://www.youtube.com/watch?v=VvCOMspezKM,0,1:43
426,vWlL1J_O7Ug,https://www.youtube.com/watch?v=vWlL1J_O7Ug,0,3:20
427,WAQSeWaStm8,https://www.youtube.com/watch?v=WAQSeWaStm8,0,5:14
428,WEmcHkB7VUk,https://www.youtube.com/watch?v=WEmcHkB7VUk,0,47:29
429,wEVcCzlwbQ4,https://www.youtube.com/watch?v=wEVcCzlwbQ4,0,
430,Wf6NFFco428,https://www.youtube.com/watch?v=Wf6NFFco428,0,2:19
431,Wiba2qR3tfQ,https://www.youtube.com/watch?v=Wiba2qR3tfQ,0,12:44
432,WKBkmrCZAy4,https://www.youtube.com/watch?v=WKBkmrCZAy4,0,1:8
433,WmBNuiUG6PE,https://www.youtube.com/watch?v=WmBNuiUG6PE,0,8:51
434,wNaFvx68ZwI,https://www.youtube.com/watch?v=wNaFvx68ZwI,0,5:12
435,x2ZyB1Yxx3Y,https://www.youtube.com/watch?v=x2ZyB1Yxx3Y,0,50
436,x4xkQ5fohRQ,https://www.youtube.com/watch?v=x4xkQ5fohRQ,0,2:29
437,x8Qn77t19kw,https://www.youtube.com/watch?v=x8Qn77t19kw,0,11:55
438,xBkn7-YopVI,https://www.youtube.com/watch?v=xBkn7-YopVI,0,1:35
439,XfC9fuqIrnA,https://www.youtube.com/watch?v=XfC9fuqIrnA,0,1:31:12
440,xK5TOZafbDk,https://www.youtube.com/watch?v=xK5TOZafbDk,0,13
441,Xn-Ti864zyA,https://www.youtube.com/watch?v=Xn-Ti864zyA,0,4:20
442,xQhDtSXlXW8,https://www.youtube.com/watch?v=xQhDtSXlXW8,0,5:14
443,XtbsoWA9DZY,https://www.youtube.com/watch?v=XtbsoWA9DZY,0,1:42
444,XtxhOgFBk_w,https://www.youtube.com/watch?v=XtxhOgFBk_w,0,3:46
445,Xu6o6IK6vHY,https://www.youtube.com/watch?v=Xu6o6IK6vHY,0,10:40
446,Xyx1la9c8Mg,https://www.youtube.com/watch?v=Xyx1la9c8Mg,0,7:9
447,YAn2eHyJlMA,https://www.youtube.com/watch?v=YAn2eHyJlMA,0,3:50
448,YdJf6qPbE4Q,https://www.youtube.com/watch?v=YdJf6qPbE4Q,0,1:54
449,YhWM2j29UO8,https://www.youtube.com/watch?v=YhWM2j29UO8,0,3:40
450,Yic2g6JyLQ8,https://www.youtube.com/watch?v=Yic2g6JyLQ8,0,5:40
451,yLC8hajZPQM,https://www.youtube.com/watch?v=yLC8hajZPQM,0,11
452,YozeWD8q2VY,https://www.youtube.com/watch?v=YozeWD8q2VY,0,16:31
453,yvlMX-9JGq0,https://www.youtube.com/watch?v=yvlMX-9JGq0,0,57:3
454,Ywt0AaJI5J0,https://www.youtube.com/watch?v=Ywt0AaJI5J0,0,1:6
455,yXiRobOZeB8,https://www.youtube.com/watch?v=yXiRobOZeB8,0,4:8
456,yzoaV0-4Tdo,https://www.youtube.com/watch?v=yzoaV0-4Tdo,0,7:40
457,zd27TSl2NiA,https://www.youtube.com/watch?v=zd27TSl2NiA,0,1:32
458,ZR4PguphkJU,https://www.youtube.com/watch?v=ZR4PguphkJU,0,32
459,ZRhJpFPTsz4,https://www.youtube.com/watch?v=ZRhJpFPTsz4,0,3:9:52
460,zslCZse0TEs,https://www.youtube.com/watch?v=zslCZse0TEs,0,18:36
461,ZyWEu6qIApE,https://www.youtube.com/watch?v=ZyWEu6qIApE,0,17:21
462,_8Bb2xvasxM,https://www.youtube.com/watch?v=_8Bb2xvasxM,1,23:49
463,_cvQHqfCkjA,https://www.youtube.com/watch?v=_cvQHqfCkjA,1,5
464,_e5eGuKaA74,https://www.youtube.com/watch?v=_e5eGuKaA74,1,3:30
465,_f7xDWZzn4c,https://www.youtube.com/watch?v=_f7xDWZzn4c,1,5:32
466,_L50ikT5LEw,https://www.youtube.com/watch?v=_L50ikT5LEw,1,9:25
467,_Pbr0L0KQb4,https://www.youtube.com/watch?v=_Pbr0L0KQb4,1,4:13
468,_tg1OaK_JzM,https://www.youtube.com/watch?v=_tg1OaK_JzM,1,6:26
469,-2IcOOUqNgI,https://www.youtube.com/watch?v=-2IcOOUqNgI,1,3:48
470,-6t6NcOFvt0,https://www.youtube.com/watch?v=-6t6NcOFvt0,1,7:1
471,-9iebN1Rp3g,https://www.youtube.com/watch?v=-9iebN1Rp3g,1,6:58
472,-Bn7zJDzTM0,https://www.youtube.com/watch?v=-Bn7zJDzTM0,1,11:14
473,-F8-auGIUpk,https://www.youtube.com/watch?v=-F8-auGIUpk,1,13:57
474,-S0XbjHnjUc,https://www.youtube.com/watch?v=-S0XbjHnjUc,1,5:33
475,0hSCclbhNN4,https://www.youtube.com/watch?v=0hSCclbhNN4,1,6:8
476,0IFViMU5IN4,https://www.youtube.com/watch?v=0IFViMU5IN4,1,7:45
477,0KezzzN3-4s,https://www.youtube.com/watch?v=0KezzzN3-4s,1,4:43
478,0KQjmGSK7lA,https://www.youtube.com/watch?v=0KQjmGSK7lA,1,10:41
479,0MNViPAhZPE,https://www.youtube.com/watch?v=0MNViPAhZPE,1,9:40
480,1B3HLega3xk,https://www.youtube.com/watch?v=1B3HLega3xk,1,4:27
481,1KBryb0wnlg,https://www.youtube.com/watch?v=1KBryb0wnlg,1,11:16
482,1TIvgR3KkLU,https://www.youtube.com/watch?v=1TIvgR3KkLU,1,25:38
483,1VeN-MUxgGY,https://www.youtube.com/watch?v=1VeN-MUxgGY,1,5:52
484,1xvYFDTPXNE,https://www.youtube.com/watch?v=1xvYFDTPXNE,1,4:29
485,2_aZEZ5NIbE,https://www.youtube.com/watch?v=2_aZEZ5NIbE,1,6:9
486,247cJLcQjG4,https://www.youtube.com/watch?v=247cJLcQjG4,1,12:27
487,25BrJ0dWGoY,https://www.youtube.com/watch?v=25BrJ0dWGoY,1,7:40
488,2DW9Sq41ffY,https://www.youtube.com/watch?v=2DW9Sq41ffY,1,4:46
489,2F0JbjinerY,https://www.youtube.com/watch?v=2F0JbjinerY,1,4:54
490,2Ss-oJ-yKhg,https://www.youtube.com/watch?v=2Ss-oJ-yKhg,1,9:2
491,2UHwPxgmfg8,https://www.youtube.com/watch?v=2UHwPxgmfg8,1,4:6
492,3_fH-bNB5NE,https://www.youtube.com/watch?v=3_fH-bNB5NE,1,7:21
493,32jXb9B1jls,https://www.youtube.com/watch?v=32jXb9B1jls,1,3:27
494,3amX-jVo4-U,https://www.youtube.com/watch?v=3amX-jVo4-U,1,8:9
495,3GXnl-PiO5U,https://www.youtube.com/watch?v=3GXnl-PiO5U,1,5:8
496,3J-cYxxHQGQ,https://www.youtube.com/watch?v=3J-cYxxHQGQ,1,7:3
497,3ku2kSoeEZo,https://www.youtube.com/watch?v=3ku2kSoeEZo,1,6:1
498,3omVb8Xr184,https://www.youtube.com/watch?v=3omVb8Xr184,1,4:29
499,3VZF-F6LRwU,https://www.youtube.com/watch?v=3VZF-F6LRwU,1,15:18
500,42SNpiK63A8,https://www.youtube.com/watch?v=42SNpiK63A8,1,4:17
501,4eC_ArZrwkc,https://www.youtube.com/watch?v=4eC_ArZrwkc,1,7:36
502,4Ezr_12XqkY,https://www.youtube.com/watch?v=4Ezr_12XqkY,1,1:9
503,4lJ37C_zj5U,https://www.youtube.com/watch?v=4lJ37C_zj5U,1,13:7
504,4OBLAW7oQYo,https://www.youtube.com/watch?v=4OBLAW7oQYo,1,7:7
505,4Vn6lJCOAXs,https://www.youtube.com/watch?v=4Vn6lJCOAXs,1,11:38
506,57Uw6e3_yyM,https://www.youtube.com/watch?v=57Uw6e3_yyM,1,8:1
507,5KcJqE4jUpg,https://www.youtube.com/watch?v=5KcJqE4jUpg,1,4:54
508,5nkbmQeJvr8,https://www.youtube.com/watch?v=5nkbmQeJvr8,1,6:30
509,5oxjfFsJ6TQ,https://www.youtube.com/watch?v=5oxjfFsJ6TQ,1,12:33
510,5qiEdmuekL4,https://www.youtube.com/watch?v=5qiEdmuekL4,1,8:52
511,5UKQ6aLHOVU,https://www.youtube.com/watch?v=5UKQ6aLHOVU,1,1:55
512,5wnkFYztI4c,https://www.youtube.com/watch?v=5wnkFYztI4c,1,13:53
513,5z855Z2iFwI,https://www.youtube.com/watch?v=5z855Z2iFwI,1,14:37
514,65Q1EbsKRnY,https://www.youtube.com/watch?v=65Q1EbsKRnY,1,2:46:14
515,6C1p4HUHlfE,https://www.youtube.com/watch?v=6C1p4HUHlfE,1,9:13
516,6DTJ5h3vx6o,https://www.youtube.com/watch?v=6DTJ5h3vx6o,1,2:40
517,6KXT19MvjZ4,https://www.youtube.com/watch?v=6KXT19MvjZ4,1,2:36
518,6sLxUkDbEhU,https://www.youtube.com/watch?v=6sLxUkDbEhU,1,6:28
519,6yQ0zN-QMGE,https://www.youtube.com/watch?v=6yQ0zN-QMGE,1,17:49
520,70Rm7Fm_EtI,https://www.youtube.com/watch?v=70Rm7Fm_EtI,1,16:34
521,7cEgL5X-e1E,https://www.youtube.com/watch?v=7cEgL5X-e1E,1,1:45
522,7DDuhg9AgdM,https://www.youtube.com/watch?v=7DDuhg9AgdM,1,7:51
523,7EM3jeSvdBI,https://www.youtube.com/watch?v=7EM3jeSvdBI,1,7:6
524,7HotDVLH6Ak,https://www.youtube.com/watch?v=7HotDVLH6Ak,1,7:34
525,7NzERitX1-E,https://www.youtube.com/watch?v=7NzERitX1-E,1,5:48
526,8GWCOXW_ms4,https://www.youtube.com/watch?v=8GWCOXW_ms4,1,12:19
527,8lhw1gmxne0,https://www.youtube.com/watch?v=8lhw1gmxne0,1,13:30
528,8UG1ikrzOyA,https://www.youtube.com/watch?v=8UG1ikrzOyA,1,4:31
529,8ZsKgAUBaAg,https://www.youtube.com/watch?v=8ZsKgAUBaAg,1,12:48
530,9c6U_iZ3qBg,https://www.youtube.com/watch?v=9c6U_iZ3qBg,1,4:30
531,9Db9LywSI08,https://www.youtube.com/watch?v=9Db9LywSI08,1,3:41
532,9DjZFDg2uXI,https://www.youtube.com/watch?v=9DjZFDg2uXI,1,6:31
533,9Kea0ac0XuE,https://www.youtube.com/watch?v=9Kea0ac0XuE,1,8:3
534,9Mo1cUvwR3s,https://www.youtube.com/watch?v=9Mo1cUvwR3s,1,4:43
535,9Ni2MeDyU8c,https://www.youtube.com/watch?v=9Ni2MeDyU8c,1,9:14
536,9rBxmGg1KDU,https://www.youtube.com/watch?v=9rBxmGg1KDU,1,3:28
537,9wxbzUAHgvI,https://www.youtube.com/watch?v=9wxbzUAHgvI,1,11:36
538,9ZYaMTJD81I,https://www.youtube.com/watch?v=9ZYaMTJD81I,1,16:34
539,a9ClS6n6cuM,https://www.youtube.com/watch?v=a9ClS6n6cuM,1,4:34
540,aAk7KaGhsRA,https://www.youtube.com/watch?v=aAk7KaGhsRA,1,7:45
541,ACRMDblJuZI,https://www.youtube.com/watch?v=ACRMDblJuZI,1,8:5
542,Ad1QV0v38vI,https://www.youtube.com/watch?v=Ad1QV0v38vI,1,11:13
543,agau0ogE48U,https://www.youtube.com/watch?v=agau0ogE48U,1,5:39
544,AHS1c_vqjxI,https://www.youtube.com/watch?v=AHS1c_vqjxI,1,7:1
545,Aht4dCB11Sw,https://www.youtube.com/watch?v=Aht4dCB11Sw,1,6:7
546,AJBuqPC-F-w,https://www.youtube.com/watch?v=AJBuqPC-F-w,1,4:43
547,al0B8qUkayw,https://www.youtube.com/watch?v=al0B8qUkayw,1,6:1
548,ALRUelXygdE,https://www.youtube.com/watch?v=ALRUelXygdE,1,12:25
549,AO9HRTZBNng,https://www.youtube.com/watch?v=AO9HRTZBNng,1,4:46
550,AoBp9jM8fZo,https://www.youtube.com/watch?v=AoBp9jM8fZo,1,16:32
551,aP75eMwgE_4,https://www.youtube.com/watch?v=aP75eMwgE_4,1,3:34
552,apU5luAyGj8,https://www.youtube.com/watch?v=apU5luAyGj8,1,6:19
553,Ar5sxNUhEiI,https://www.youtube.com/watch?v=Ar5sxNUhEiI,1,2:16
554,ArEGYzPR6Gg,https://www.youtube.com/watch?v=ArEGYzPR6Gg,1,20:28
555,asPuoGO-8Aw,https://www.youtube.com/watch?v=asPuoGO-8Aw,1,3:13
556,ASypvyCrtxo,https://www.youtube.com/watch?v=ASypvyCrtxo,1,7:28
557,b2lzeBq8cas,https://www.youtube.com/watch?v=b2lzeBq8cas,1,8:43
558,b5cyE4qEb2w,https://www.youtube.com/watch?v=b5cyE4qEb2w,1,3:38
559,B5ienCg_3XA,https://www.youtube.com/watch?v=B5ienCg_3XA,1,6:5
560,b6yjd1VicmQ,https://www.youtube.com/watch?v=b6yjd1VicmQ,1,14:5
561,bBoiIij3uhM,https://www.youtube.com/watch?v=bBoiIij3uhM,1,4:43
562,BbtywenKTls,https://www.youtube.com/watch?v=BbtywenKTls,1,1:45:22
563,bGk785ajauQ,https://www.youtube.com/watch?v=bGk785ajauQ,1,2:51
564,bGObTk05_dQ,https://www.youtube.com/watch?v=bGObTk05_dQ,1,3:20
565,BHrqYfQxL98,https://www.youtube.com/watch?v=BHrqYfQxL98,1,2:55
566,bHwZ6ufJZXw,https://www.youtube.com/watch?v=bHwZ6ufJZXw,1,10:47
567,bILGsMrwF40,https://www.youtube.com/watch?v=bILGsMrwF40,1,10:47
568,bJggjXvB52c,https://www.youtube.com/watch?v=bJggjXvB52c,1,5:40
569,bk4ERJ3MkCE,https://www.youtube.com/watch?v=bk4ERJ3MkCE,1,8:56
570,bL_QRa7uoXY,https://www.youtube.com/watch?v=bL_QRa7uoXY,1,4:32
571,bODvB_U5ixo,https://www.youtube.com/watch?v=bODvB_U5ixo,1,5:55
572,BtPrmLLHtKY,https://www.youtube.com/watch?v=BtPrmLLHtKY,1,5:12
573,bv4zpXr1Vuo,https://www.youtube.com/watch?v=bv4zpXr1Vuo,1,2:31
574,bvCOZh90n9M,https://www.youtube.com/watch?v=bvCOZh90n9M,1,8:18
575,BwXQpkzx_WQ,https://www.youtube.com/watch?v=BwXQpkzx_WQ,1,7:51
576,bX-1RRewnD0,https://www.youtube.com/watch?v=bX-1RRewnD0,1,7:18
577,bXK-cEAOvac,https://www.youtube.com/watch?v=bXK-cEAOvac,1,5:43
578,BzK72IUQIok,https://www.youtube.com/watch?v=BzK72IUQIok,1,13:21
579,bzx0nynHIzs,https://www.youtube.com/watch?v=bzx0nynHIzs,1,4:45
580,C_xsXnRd_uc,https://www.youtube.com/watch?v=C_xsXnRd_uc,1,7:13
581,C0Kr7DDAHqE,https://www.youtube.com/watch?v=C0Kr7DDAHqE,1,4:25
582,C5KkVXydeHg,https://www.youtube.com/watch?v=C5KkVXydeHg,1,8:53
583,C6j2qDzdGNQ,https://www.youtube.com/watch?v=C6j2qDzdGNQ,1,3:1
584,c7vDH10zVT8,https://www.youtube.com/watch?v=c7vDH10zVT8,1,5:29
585,ccrKGu0MXSc,https://www.youtube.com/watch?v=ccrKGu0MXSc,1,2:55
586,CE8D2zpn-yc,https://www.youtube.com/watch?v=CE8D2zpn-yc,1,7:49
587,cfsuose6EaM,https://www.youtube.com/watch?v=cfsuose6EaM,1,7:10
588,cgpxoUE-kOg,https://www.youtube.com/watch?v=cgpxoUE-kOg,1,14:21
589,ChTnwpkCMhg,https://www.youtube.com/watch?v=ChTnwpkCMhg,1,9:7
590,CKiQvH2Sumk,https://www.youtube.com/watch?v=CKiQvH2Sumk,1,4:36
591,CmVQuiT0OTw,https://www.youtube.com/watch?v=CmVQuiT0OTw,1,3:56
592,cpkth_tjqAg,https://www.youtube.com/watch?v=cpkth_tjqAg,1,4:38
593,cqEujfGWlhs,https://www.youtube.com/watch?v=cqEujfGWlhs,1,18:9
594,cRAM52Tt7FI,https://www.youtube.com/watch?v=cRAM52Tt7FI,1,5:11
595,Cy5jH2Mdl0Q,https://www.youtube.com/watch?v=Cy5jH2Mdl0Q,1,11:19
596,Cz2NOxarkMs,https://www.youtube.com/watch?v=Cz2NOxarkMs,1,13
597,czu4M978vUk,https://www.youtube.com/watch?v=czu4M978vUk,1,6:43
598,d-9Q_sqbDHk,https://www.youtube.com/watch?v=d-9Q_sqbDHk,1,2:29
599,D7BbDAf5SPc,https://www.youtube.com/watch?v=D7BbDAf5SPc,1,2:48
600,d9zjkImf0rQ,https://www.youtube.com/watch?v=d9zjkImf0rQ,1,4:2
601,DAZfqZOD3Dc,https://www.youtube.com/watch?v=DAZfqZOD3Dc,1,5:39
602,DbKzsa970Vg,https://www.youtube.com/watch?v=DbKzsa970Vg,1,22
603,DfdsIDUyKSk,https://www.youtube.com/watch?v=DfdsIDUyKSk,1,4:27
604,dHhxhzzwg0Q,https://www.youtube.com/watch?v=dHhxhzzwg0Q,1,9:52
605,dhiyoLGKvVo,https://www.youtube.com/watch?v=dhiyoLGKvVo,1,11:2
606,DHS3tMFrmuA,https://www.youtube.com/watch?v=DHS3tMFrmuA,1,8:36
607,dkI4HBLMF4g,https://www.youtube.com/watch?v=dkI4HBLMF4g,1,10:57
608,dkZ6L8LMHX8,https://www.youtube.com/watch?v=dkZ6L8LMHX8,1,3:3:39
609,Dl8MUnLfEsk,https://www.youtube.com/watch?v=Dl8MUnLfEsk,1,10:49
610,dqjUBU2XFCI,https://www.youtube.com/watch?v=dqjUBU2XFCI,1,25
611,DrPAT_QLFwM,https://www.youtube.com/watch?v=DrPAT_QLFwM,1,7:42
612,dScyXZ1A0wk,https://www.youtube.com/watch?v=dScyXZ1A0wk,1,4:36
613,dTguljqROBY,https://www.youtube.com/watch?v=dTguljqROBY,1,4:41
614,dUilx0K-iBk,https://www.youtube.com/watch?v=dUilx0K-iBk,1,7:9
615,DVWh7OgBkTc,https://www.youtube.com/watch?v=DVWh7OgBkTc,1,14:58
616,DWtnKRL30jo,https://www.youtube.com/watch?v=DWtnKRL30jo,1,1:9:27
617,DYJlJzuxALw,https://www.youtube.com/watch?v=DYJlJzuxALw,1,16:21
618,dZj8o9hMUX8,https://www.youtube.com/watch?v=dZj8o9hMUX8,1,1:29
619,e-lo3Qq2Ydc,https://www.youtube.com/watch?v=e-lo3Qq2Ydc,1,8:40
620,e2EPuGabgpc,https://www.youtube.com/watch?v=e2EPuGabgpc,1,5:52
621,e2UN3d60IQM,https://www.youtube.com/watch?v=e2UN3d60IQM,1,10:50
622,E57nVL18akA,https://www.youtube.com/watch?v=E57nVL18akA,1,11:17
623,ed7pFle2yM8,https://www.youtube.com/watch?v=ed7pFle2yM8,1,5:52
624,EE5jNut1czc,https://www.youtube.com/watch?v=EE5jNut1czc,1,5:57
625,eGM1D1BtsPo,https://www.youtube.com/watch?v=eGM1D1BtsPo,1,13:57
626,egwMEEicDHc,https://www.youtube.com/watch?v=egwMEEicDHc,1,5:19
627,EnlipPfDAao,https://www.youtube.com/watch?v=EnlipPfDAao,1,3:27
628,EwbGwhJaTLY,https://www.youtube.com/watch?v=EwbGwhJaTLY,1,3:4
629,EWoia45q-Ik,https://www.youtube.com/watch?v=EWoia45q-Ik,1,11:14
630,Ey24zdSY84A,https://www.youtube.com/watch?v=Ey24zdSY84A,1,8:43
631,ezGT1s7icnE,https://www.youtube.com/watch?v=ezGT1s7icnE,1,3:36
632,f2bvuGMx8nI,https://www.youtube.com/watch?v=f2bvuGMx8nI,1,10:42
633,fAxu0w4WWqs,https://www.youtube.com/watch?v=fAxu0w4WWqs,1,3:25
634,fdDiMm21BMA,https://www.youtube.com/watch?v=fdDiMm21BMA,1,5:15
635,fdHjqVEQvLw,https://www.youtube.com/watch?v=fdHjqVEQvLw,1,6:49
636,fGAG9K9D9tI,https://www.youtube.com/watch?v=fGAG9K9D9tI,1,15:58
637,fIPyc5y8JWA,https://www.youtube.com/watch?v=fIPyc5y8JWA,1,6:9
638,FJcHN6wzViA,https://www.youtube.com/watch?v=FJcHN6wzViA,1,4:24
639,FNVUlpnBg54,https://www.youtube.com/watch?v=FNVUlpnBg54,1,10:49
640,fOzxegx9DRs,https://www.youtube.com/watch?v=fOzxegx9DRs,1,2:25
641,fRvq1yOogLo,https://www.youtube.com/watch?v=fRvq1yOogLo,1,33:11
642,fs8zCOeKFss,https://www.youtube.com/watch?v=fs8zCOeKFss,1,8:4
643,fTkdd9Grm4Q,https://www.youtube.com/watch?v=fTkdd9Grm4Q,1,2:8
644,fU_7bcpuYaA,https://www.youtube.com/watch?v=fU_7bcpuYaA,1,4:20
645,fWFon7aNU_Q,https://www.youtube.com/watch?v=fWFon7aNU_Q,1,7:12
646,fXnt0uFkKnQ,https://www.youtube.com/watch?v=fXnt0uFkKnQ,1,7:6
647,FZ5o-T-2im4,https://www.youtube.com/watch?v=FZ5o-T-2im4,1,13:5
648,FZPvRt-elg4,https://www.youtube.com/watch?v=FZPvRt-elg4,1,4:51
649,G49m2tMLggU,https://www.youtube.com/watch?v=G49m2tMLggU,1,14:5
650,g7SvHaSzz9A,https://www.youtube.com/watch?v=g7SvHaSzz9A,1,6:8
651,gavq4LM8XK0,https://www.youtube.com/watch?v=gavq4LM8XK0,1,10:34
652,gAyiBTGuc10,https://www.youtube.com/watch?v=gAyiBTGuc10,1,8:46
653,GBsXZ7iHSd8,https://www.youtube.com/watch?v=GBsXZ7iHSd8,1,5:5
654,GH5dXYEfG1s,https://www.youtube.com/watch?v=GH5dXYEfG1s,1,8:20
655,gMPOdUN7pKE,https://www.youtube.com/watch?v=gMPOdUN7pKE,1,13:42
656,GPINIZmQDwI,https://www.youtube.com/watch?v=GPINIZmQDwI,1,13:12
657,Gr4-UVzbbzw,https://www.youtube.com/watch?v=Gr4-UVzbbzw,1,4:36
658,GrzLS9FgOgc,https://www.youtube.com/watch?v=GrzLS9FgOgc,1,8:55
659,gSkh6oRH6Vw,https://www.youtube.com/watch?v=gSkh6oRH6Vw,1,9:48
660,Gu-F5-oIpUM,https://www.youtube.com/watch?v=Gu-F5-oIpUM,1,7
661,GUptC6iwfBw,https://www.youtube.com/watch?v=GUptC6iwfBw,1,4:32
662,gUt8OOkpJwU,https://www.youtube.com/watch?v=gUt8OOkpJwU,1,1:44:52
663,GvIhe7-wsUQ,https://www.youtube.com/watch?v=GvIhe7-wsUQ,1,7:48
664,GWzHZ6wjCao,https://www.youtube.com/watch?v=GWzHZ6wjCao,1,6:33
665,gXKuuu8ckhQ,https://www.youtube.com/watch?v=gXKuuu8ckhQ,1,4:41
666,H0_-an5hio8,https://www.youtube.com/watch?v=H0_-an5hio8,1,10:47
667,h5G0grgSW0g,https://www.youtube.com/watch?v=h5G0grgSW0g,1,12:6
668,H7oxOARW0gs,https://www.youtube.com/watch?v=H7oxOARW0gs,1,9:32
669,h8IMmx1HBlQ,https://www.youtube.com/watch?v=h8IMmx1HBlQ,1,8:44
670,haHvmxSPMno,https://www.youtube.com/watch?v=haHvmxSPMno,1,3:40
671,hCCNpPNigVc,https://www.youtube.com/watch?v=hCCNpPNigVc,1,4:38
672,He8SX-BzcIY,https://www.youtube.com/watch?v=He8SX-BzcIY,1,2:17
673,HFCTCL56uQM,https://www.youtube.com/watch?v=HFCTCL56uQM,1,4:42
674,HgLhlAC_jEk,https://www.youtube.com/watch?v=HgLhlAC_jEk,1,8
675,hGPSydmezJE,https://www.youtube.com/watch?v=hGPSydmezJE,1,9:22
676,hIphowqbGbs,https://www.youtube.com/watch?v=hIphowqbGbs,1,13:42
677,hJgAelRzsQY,https://www.youtube.com/watch?v=hJgAelRzsQY,1,4:46
678,hjrbb94z2WI,https://www.youtube.com/watch?v=hjrbb94z2WI,1,8:17
679,Hk10JWCX4JY,https://www.youtube.com/watch?v=Hk10JWCX4JY,1,18:4
680,hkXHmWXZrdc,https://www.youtube.com/watch?v=hkXHmWXZrdc,1,2:7
681,HqASokIXtQ4,https://www.youtube.com/watch?v=HqASokIXtQ4,1,2:19:46
682,htJ_hL9ctbU,https://www.youtube.com/watch?v=htJ_hL9ctbU,1,8:31
683,hX8fFLMKxnE,https://www.youtube.com/watch?v=hX8fFLMKxnE,1,1:49
684,hzvT0vy5cjE,https://www.youtube.com/watch?v=hzvT0vy5cjE,1,11:30
685,I1YoW_Urm9M,https://www.youtube.com/watch?v=I1YoW_Urm9M,1,3:39
686,ibeHh2tCcjU,https://www.youtube.com/watch?v=ibeHh2tCcjU,1,6:7
687,ICBNX0i855Q,https://www.youtube.com/watch?v=ICBNX0i855Q,1,9:3
688,iCh64suO--E,https://www.youtube.com/watch?v=iCh64suO--E,1,4:28
689,IeVjS7MAZCM,https://www.youtube.com/watch?v=IeVjS7MAZCM,1,12:25
690,IH23o77OZXw,https://www.youtube.com/watch?v=IH23o77OZXw,1,2:12
691,iipwjxKtRqs,https://www.youtube.com/watch?v=iipwjxKtRqs,1,11:7
692,IJ5BwKkvr5Y,https://www.youtube.com/watch?v=IJ5BwKkvr5Y,1,6:45
693,ikyRG5Jg11M,https://www.youtube.com/watch?v=ikyRG5Jg11M,1,7:11
694,ImXVozIzbB4,https://www.youtube.com/watch?v=ImXVozIzbB4,1,3:46
695,iNJg19oUsp8,https://www.youtube.com/watch?v=iNJg19oUsp8,1,7:59
696,iNsJTl7yUzE,https://www.youtube.com/watch?v=iNsJTl7yUzE,1,9:7
697,iOwWGPhxSH4,https://www.youtube.com/watch?v=iOwWGPhxSH4,1,7:1
698,Ipyi_bjJnvg,https://www.youtube.com/watch?v=Ipyi_bjJnvg,1,8:56
699,IXh87AqdrTU,https://www.youtube.com/watch?v=IXh87AqdrTU,1,3:34
700,IZCeSeuh1TQ,https://www.youtube.com/watch?v=IZCeSeuh1TQ,1,10:17
701,J5y23zeh0Ew,https://www.youtube.com/watch?v=J5y23zeh0Ew,1,3:31
702,j7anHtF6xN4,https://www.youtube.com/watch?v=j7anHtF6xN4,1,8:35
703,jAUJBmr4BTg,https://www.youtube.com/watch?v=jAUJBmr4BTg,1,10:41
704,jb7GigxSa30,https://www.youtube.com/watch?v=jb7GigxSa30,1,2:9
705,jbUHzLNkOiM,https://www.youtube.com/watch?v=jbUHzLNkOiM,1,4:25
706,jDOd9pdebB0,https://www.youtube.com/watch?v=jDOd9pdebB0,1,6:10
707,jDzBqJKtI2Q,https://www.youtube.com/watch?v=jDzBqJKtI2Q,1,3:41
708,jEmulliJWU8,https://www.youtube.com/watch?v=jEmulliJWU8,1,7:9
709,jfe5CttwKB4,https://www.youtube.com/watch?v=jfe5CttwKB4,1,14:24
710,JIwQTsZ4yQ0,https://www.youtube.com/watch?v=JIwQTsZ4yQ0,1,7:47
711,Jninm8r1v1g,https://www.youtube.com/watch?v=Jninm8r1v1g,1,11:16
712,jVQGU2MjrJc,https://www.youtube.com/watch?v=jVQGU2MjrJc,1,5:40
713,JWnyTJ96upw,https://www.youtube.com/watch?v=JWnyTJ96upw,1,3:51
714,k4MgAeomLrU,https://www.youtube.com/watch?v=k4MgAeomLrU,1,5:10
715,k4NUlfqqT9I,https://www.youtube.com/watch?v=k4NUlfqqT9I,1,3:48
716,K7hYf0yIK5w,https://www.youtube.com/watch?v=K7hYf0yIK5w,1,4:19
717,kAMvYHqTWs0,https://www.youtube.com/watch?v=kAMvYHqTWs0,1,3:52
718,KBLh-avE-88,https://www.youtube.com/watch?v=KBLh-avE-88,1,8:7
719,kEQaHtiCPYM,https://www.youtube.com/watch?v=kEQaHtiCPYM,1,6:56
720,kF3vIkvhBWM,https://www.youtube.com/watch?v=kF3vIkvhBWM,1,14:21
721,KFWyGAZgjtY,https://www.youtube.com/watch?v=KFWyGAZgjtY,1,1:32:40
722,Kgowgm1KeZ4,https://www.youtube.com/watch?v=Kgowgm1KeZ4,1,1:14:41
723,knaeEfd1t1c,https://www.youtube.com/watch?v=knaeEfd1t1c,1,4:24
724,knaV_tvkEY4,https://www.youtube.com/watch?v=knaV_tvkEY4,1,16:15
725,kNVywF6q_Gs,https://www.youtube.com/watch?v=kNVywF6q_Gs,1,15:58
726,KX_pnMG-4RE,https://www.youtube.com/watch?v=KX_pnMG-4RE,1,2:59
727,kyMXTPlyPgc,https://www.youtube.com/watch?v=kyMXTPlyPgc,1,5:18
728,L_2Xx_nzmYw,https://www.youtube.com/watch?v=L_2Xx_nzmYw,1,7:59
729,l3IKqLLNeoU,https://www.youtube.com/watch?v=l3IKqLLNeoU,1,6:26
730,l6H7-GKCDBQ,https://www.youtube.com/watch?v=l6H7-GKCDBQ,1,5:37
731,l6IGgCBBgJk,https://www.youtube.com/watch?v=l6IGgCBBgJk,1,5:30
732,LAaBLhGJ0jg,https://www.youtube.com/watch?v=LAaBLhGJ0jg,1,10:15
733,LfdJS_8M8bY,https://www.youtube.com/watch?v=LfdJS_8M8bY,1,6:36
734,LH5E6oo5wg0,https://www.youtube.com/watch?v=LH5E6oo5wg0,1,6:2
735,liLMxqCpzuI,https://www.youtube.com/watch?v=liLMxqCpzuI,1,6:55
736,LixWlh-i0A0,https://www.youtube.com/watch?v=LixWlh-i0A0,1,10:11
737,llludb_1j58,https://www.youtube.com/watch?v=llludb_1j58,1,3:12
738,LMkOhmjJhk0,https://www.youtube.com/watch?v=LMkOhmjJhk0,1,8:37
739,LNyJgNjCDuU,https://www.youtube.com/watch?v=LNyJgNjCDuU,1,7:46
740,LP7ip6npyLM,https://www.youtube.com/watch?v=LP7ip6npyLM,1,2:25
741,LQC-A6Aukus,https://www.youtube.com/watch?v=LQC-A6Aukus,1,1:13:8
742,lYsl9hFLsUE,https://www.youtube.com/watch?v=lYsl9hFLsUE,1,5:44
743,LYZGS2gCmqw,https://www.youtube.com/watch?v=LYZGS2gCmqw,1,7:34
744,LZQXuOP8lXQ,https://www.youtube.com/watch?v=LZQXuOP8lXQ,1,7:54
745,M-V9q5ZemS0,https://www.youtube.com/watch?v=M-V9q5ZemS0,1,5:35
746,m39mp0PuN5c,https://www.youtube.com/watch?v=m39mp0PuN5c,1,9:50
747,MBH7Sg8yzdc,https://www.youtube.com/watch?v=MBH7Sg8yzdc,1,5:51
748,mBt75tpJ07I,https://www.youtube.com/watch?v=mBt75tpJ07I,1,6:26
749,mFpeT662yJc,https://www.youtube.com/watch?v=mFpeT662yJc,1,5:1
750,mg42lspGI58,https://www.youtube.com/watch?v=mg42lspGI58,1,4
751,mHmWby-FK6w,https://www.youtube.com/watch?v=mHmWby-FK6w,1,4:55
752,MLpb8ee3Ypc,https://www.youtube.com/watch?v=MLpb8ee3Ypc,1,3:10
753,mlu9GeNiwuM,https://www.youtube.com/watch?v=mlu9GeNiwuM,1,5:14
754,MN9UhQ4z-Ao,https://www.youtube.com/watch?v=MN9UhQ4z-Ao,1,11:53
755,mtETTbjKdWw,https://www.youtube.com/watch?v=mtETTbjKdWw,1,9:14
756,mWm-CztZqsg,https://www.youtube.com/watch?v=mWm-CztZqsg,1,4:54
757,n_LjQ8bSXSc,https://www.youtube.com/watch?v=n_LjQ8bSXSc,1,4:42
758,N2sdwDQMsdw,https://www.youtube.com/watch?v=N2sdwDQMsdw,1,6:45
759,N4Tln5kWM9I,https://www.youtube.com/watch?v=N4Tln5kWM9I,1,5:10
760,nAhCwHuqTiM,https://www.youtube.com/watch?v=nAhCwHuqTiM,1,2:20
761,NcA7Nmp6qnU,https://www.youtube.com/watch?v=NcA7Nmp6qnU,1,7:37
762,nfUele5xUhg,https://www.youtube.com/watch?v=nfUele5xUhg,1,2:37
763,ng9pFkb3nko,https://www.youtube.com/watch?v=ng9pFkb3nko,1,2:50
764,nhltOgALW08,https://www.youtube.com/watch?v=nhltOgALW08,1,6:18
765,njXHQ5ajKLg,https://www.youtube.com/watch?v=njXHQ5ajKLg,1,3:28
766,Nkh5y4R_RD0,https://www.youtube.com/watch?v=Nkh5y4R_RD0,1,3:41
767,nkmEkSGyMvo,https://www.youtube.com/watch?v=nkmEkSGyMvo,1,6:56
768,nNcFquUuKww,https://www.youtube.com/watch?v=nNcFquUuKww,1,9:9
769,no_4kFroldQ,https://www.youtube.com/watch?v=no_4kFroldQ,1,6:18
770,nTmtw3bH41g,https://www.youtube.com/watch?v=nTmtw3bH41g,1,9:13
771,NUTtUP_1jns,https://www.youtube.com/watch?v=NUTtUP_1jns,1,6:32
772,nWRT_wgtDn0,https://www.youtube.com/watch?v=nWRT_wgtDn0,1,5:17
773,NxqRLjWscik,https://www.youtube.com/watch?v=NxqRLjWscik,1,3:41
774,nZyINWdacdY,https://www.youtube.com/watch?v=nZyINWdacdY,1,8:9
775,o2dY1VW14lw,https://www.youtube.com/watch?v=o2dY1VW14lw,1,20:12
776,O3Ov0w9s6rc,https://www.youtube.com/watch?v=O3Ov0w9s6rc,1,3:1
777,O44nwK-nJZs,https://www.youtube.com/watch?v=O44nwK-nJZs,1,4:12
778,o4k4gVNb96k,https://www.youtube.com/watch?v=o4k4gVNb96k,1,4:18
779,od4ugnkeTyw,https://www.youtube.com/watch?v=od4ugnkeTyw,1,3:25
780,OeJ0e7_ctEQ,https://www.youtube.com/watch?v=OeJ0e7_ctEQ,1,6:17
781,oHdP5WsVamE,https://www.youtube.com/watch?v=oHdP5WsVamE,1,10:23
782,OHI85Qg7WI4,https://www.youtube.com/watch?v=OHI85Qg7WI4,1,3:59
783,oM6STRCbtbs,https://www.youtube.com/watch?v=oM6STRCbtbs,1,4:15
784,Oon-2iB8e8k,https://www.youtube.com/watch?v=Oon-2iB8e8k,1,8:43
785,OOpjH8iinaA,https://www.youtube.com/watch?v=OOpjH8iinaA,1,4:43
786,OuDbTMy9Q9E,https://www.youtube.com/watch?v=OuDbTMy9Q9E,1,4:27
787,oupppoVp3Dk,https://www.youtube.com/watch?v=oupppoVp3Dk,1,3:57
788,OWrciacV9XU,https://www.youtube.com/watch?v=OWrciacV9XU,1,13:30
789,OZT6QObqrAI,https://www.youtube.com/watch?v=OZT6QObqrAI,1,3:46
790,P13kVHP4W0A,https://www.youtube.com/watch?v=P13kVHP4W0A,1,2:55
791,p3HT3YVfGMI,https://www.youtube.com/watch?v=p3HT3YVfGMI,1,5:35
792,P4LQBC0arik,https://www.youtube.com/watch?v=P4LQBC0arik,1,2:16
793,P7P1R6gjjKs,https://www.youtube.com/watch?v=P7P1R6gjjKs,1,6:42
794,P7w01SFudeA,https://www.youtube.com/watch?v=P7w01SFudeA,1,4:16
795,pDLW0NC49Dg,https://www.youtube.com/watch?v=pDLW0NC49Dg,1,8:19
796,pGp0-l7ybbg,https://www.youtube.com/watch?v=pGp0-l7ybbg,1,3:50
797,PHvHMiPiKao,https://www.youtube.com/watch?v=PHvHMiPiKao,1,13:22
798,PiHksypY8ew,https://www.youtube.com/watch?v=PiHksypY8ew,1,21:19
799,Pr65fOkxRBc,https://www.youtube.com/watch?v=Pr65fOkxRBc,1,3:48
800,pWBWs7s0oA8,https://www.youtube.com/watch?v=pWBWs7s0oA8,1,7:9
801,PxPlm44PCK0,https://www.youtube.com/watch?v=PxPlm44PCK0,1,1:4:36
802,PyxVWN0nGyg,https://www.youtube.com/watch?v=PyxVWN0nGyg,1,12:49
803,Pzaai8azbqA,https://www.youtube.com/watch?v=Pzaai8azbqA,1,7:28
804,pZee2deAlsA,https://www.youtube.com/watch?v=pZee2deAlsA,1,3:26
805,q1lfjC1eH9Y,https://www.youtube.com/watch?v=q1lfjC1eH9Y,1,12:12
806,Q56f_RX-jS4,https://www.youtube.com/watch?v=Q56f_RX-jS4,1,9:43
807,Q6RjCNF-bg0,https://www.youtube.com/watch?v=Q6RjCNF-bg0,1,4:57
808,QAsJvKsd2Xk,https://www.youtube.com/watch?v=QAsJvKsd2Xk,1,4:27
809,qdVJsJJXPtY,https://www.youtube.com/watch?v=qdVJsJJXPtY,1,7:58
810,QEkHcPt-Vpw,https://www.youtube.com/watch?v=QEkHcPt-Vpw,1,10:58
811,QEtjob__Fc0,https://www.youtube.com/watch?v=QEtjob__Fc0,1,13:54
812,qlboqyrPQuk,https://www.youtube.com/watch?v=qlboqyrPQuk,1,6:31
813,QlSYSZP0NLw,https://www.youtube.com/watch?v=QlSYSZP0NLw,1,10:23
814,qMryd4gurQk,https://www.youtube.com/watch?v=qMryd4gurQk,1,10:15
815,QtzHtP3YdHA,https://www.youtube.com/watch?v=QtzHtP3YdHA,1,6:23
816,QXqjmIIhIrY,https://www.youtube.com/watch?v=QXqjmIIhIrY,1,12:8
817,r_zQ9xD5n-0,https://www.youtube.com/watch?v=r_zQ9xD5n-0,1,4:1
818,R2nZUdObktk,https://www.youtube.com/watch?v=R2nZUdObktk,1,8:35
819,r4vsgilq2mE,https://www.youtube.com/watch?v=r4vsgilq2mE,1,4:42
820,RbwQyVch4Hw,https://www.youtube.com/watch?v=RbwQyVch4Hw,1,6:22
821,rbYdXbEVm6E,https://www.youtube.com/watch?v=rbYdXbEVm6E,1,6:20
822,rgDQoGx0czY,https://www.youtube.com/watch?v=rgDQoGx0czY,1,5
823,RHyYZy3kj0s,https://www.youtube.com/watch?v=RHyYZy3kj0s,1,9:32
824,RjXCSSlKtkI,https://www.youtube.com/watch?v=RjXCSSlKtkI,1,5:3
825,RqHrjiWshgA,https://www.youtube.com/watch?v=RqHrjiWshgA,1,6:57
826,rTeKZRsZvDY,https://www.youtube.com/watch?v=rTeKZRsZvDY,1,10:11
827,RUz7uC-qfBw,https://www.youtube.com/watch?v=RUz7uC-qfBw,1,10:3
828,s2SSedCJ29M,https://www.youtube.com/watch?v=s2SSedCJ29M,1,11:22
829,S2uINxm_wbc,https://www.youtube.com/watch?v=S2uINxm_wbc,1,8
830,S3tqF7sYcPs,https://www.youtube.com/watch?v=S3tqF7sYcPs,1,6:14
831,s4eSFy_5CRg,https://www.youtube.com/watch?v=s4eSFy_5CRg,1,5:36
832,s82lFRyD-yE,https://www.youtube.com/watch?v=s82lFRyD-yE,1,3:49
833,s8raUHLaapw,https://www.youtube.com/watch?v=s8raUHLaapw,1,7:3
834,s9qUHr__HWc,https://www.youtube.com/watch?v=s9qUHr__HWc,1,3:4
835,sAnEiZPkG3E,https://www.youtube.com/watch?v=sAnEiZPkG3E,1,10:9
836,SAnUTDJ-DIY,https://www.youtube.com/watch?v=SAnUTDJ-DIY,1,2:11
837,Scmx_9q9YBY,https://www.youtube.com/watch?v=Scmx_9q9YBY,1,4:39
838,sEeNj6ByWBI,https://www.youtube.com/watch?v=sEeNj6ByWBI,1,5:59
839,SfSxB27Nexc,https://www.youtube.com/watch?v=SfSxB27Nexc,1,25:14
840,SGCdpmWQLns,https://www.youtube.com/watch?v=SGCdpmWQLns,1,11:46
841,sGjinhkxL7Y,https://www.youtube.com/watch?v=sGjinhkxL7Y,1,6:59
842,SGsEW1mbwGA,https://www.youtube.com/watch?v=SGsEW1mbwGA,1,8:37
843,sHFMkuYLAyY,https://www.youtube.com/watch?v=sHFMkuYLAyY,1,6:1
844,SNdeNyI3SdQ,https://www.youtube.com/watch?v=SNdeNyI3SdQ,1,6:53
845,snr4J1YCOwU,https://www.youtube.com/watch?v=snr4J1YCOwU,1,3:43
846,SpZr7TNVDl0,https://www.youtube.com/watch?v=SpZr7TNVDl0,1,7:28
847,SS7NExricYw,https://www.youtube.com/watch?v=SS7NExricYw,1,2:53
848,SukisKJve7o,https://www.youtube.com/watch?v=SukisKJve7o,1,2:37
849,swbuOphSmm4,https://www.youtube.com/watch?v=swbuOphSmm4,1,18:16
850,SwMyba_ajXk,https://www.youtube.com/watch?v=SwMyba_ajXk,1,17:19
851,T0ErH04Aujk,https://www.youtube.com/watch?v=T0ErH04Aujk,1,2:1
852,T3xlvs3mclE,https://www.youtube.com/watch?v=T3xlvs3mclE,1,12:25
853,tCSR_oIsnDc,https://www.youtube.com/watch?v=tCSR_oIsnDc,1,14:33
854,tIeTEmgwKPw,https://www.youtube.com/watch?v=tIeTEmgwKPw,1,9:7
855,TIuhO3ng3hU,https://www.youtube.com/watch?v=TIuhO3ng3hU,1,4:14
856,TjOjwmylXyc,https://www.youtube.com/watch?v=TjOjwmylXyc,1,3:50
857,tkPBn22UGdk,https://www.youtube.com/watch?v=tkPBn22UGdk,1,10
858,TkuorxpG1D8,https://www.youtube.com/watch?v=TkuorxpG1D8,1,37
859,tMKuQZS6GBU,https://www.youtube.com/watch?v=tMKuQZS6GBU,1,6:47
860,TTDWIPAg9AE,https://www.youtube.com/watch?v=TTDWIPAg9AE,1,9:13
861,TxXUtthHvb0,https://www.youtube.com/watch?v=TxXUtthHvb0,1,6:6
862,tZ0e8JRu_9U,https://www.youtube.com/watch?v=tZ0e8JRu_9U,1,6
863,ueIbAYJWNr8,https://www.youtube.com/watch?v=ueIbAYJWNr8,1,9:37
864,ugD7RSBvPhM,https://www.youtube.com/watch?v=ugD7RSBvPhM,1,5:41
865,UGroxC5xJaA,https://www.youtube.com/watch?v=UGroxC5xJaA,1,55:58
866,uhWr1jCXgKw,https://www.youtube.com/watch?v=uhWr1jCXgKw,1,8:5
867,ulQWJH2e4PM,https://www.youtube.com/watch?v=ulQWJH2e4PM,1,5:9
868,UN-Aox4TPUY,https://www.youtube.com/watch?v=UN-Aox4TPUY,1,8:27
869,uoIXz3KcwME,https://www.youtube.com/watch?v=uoIXz3KcwME,1,8:29
870,UPmhk_h_y9w,https://www.youtube.com/watch?v=UPmhk_h_y9w,1,6:19
871,uqdfZbv7hlM,https://www.youtube.com/watch?v=uqdfZbv7hlM,1,9:32
872,uQJWVimeQeo,https://www.youtube.com/watch?v=uQJWVimeQeo,1,8:12
873,UT_nWVLi4Ws,https://www.youtube.com/watch?v=UT_nWVLi4Ws,1,4:32
874,uV_CGpMsEhY,https://www.youtube.com/watch?v=uV_CGpMsEhY,1,1:47
875,uVgw4vdhXrE,https://www.youtube.com/watch?v=uVgw4vdhXrE,1,2:21:45
876,V23T-YBTARY,https://www.youtube.com/watch?v=V23T-YBTARY,1,14:16
877,V80W02u4UwM,https://www.youtube.com/watch?v=V80W02u4UwM,1,2:1
878,va5iJSmm168,https://www.youtube.com/watch?v=va5iJSmm168,1,5:44
879,Vae88T30OF4,https://www.youtube.com/watch?v=Vae88T30OF4,1,3:28
880,VEw8-DJllVw,https://www.youtube.com/watch?v=VEw8-DJllVw,1,4:57
881,vgMT8-HOIzA,https://www.youtube.com/watch?v=vgMT8-HOIzA,1,8:56
882,VHEg5_o8HF4,https://www.youtube.com/watch?v=VHEg5_o8HF4,1,18
883,vQ7ZvPghdy8,https://www.youtube.com/watch?v=vQ7ZvPghdy8,1,13:5
884,VqRjFxvmkWY,https://www.youtube.com/watch?v=VqRjFxvmkWY,1,10
885,VrfvJhnUxR8,https://www.youtube.com/watch?v=VrfvJhnUxR8,1,5:52
886,Vsg_PFQmw4I,https://www.youtube.com/watch?v=Vsg_PFQmw4I,1,1:45
887,VuqEBnXk3tI,https://www.youtube.com/watch?v=VuqEBnXk3tI,1,3:34
888,VUYFiWdAj2A,https://www.youtube.com/watch?v=VUYFiWdAj2A,1,6:7
889,vvDC9TSyfEg,https://www.youtube.com/watch?v=vvDC9TSyfEg,1,4:11
890,VVHeP9dfc3k,https://www.youtube.com/watch?v=VVHeP9dfc3k,1,6:27
891,VzsY8-aiX7M,https://www.youtube.com/watch?v=VzsY8-aiX7M,1,4:50
892,W-ObFM63g28,https://www.youtube.com/watch?v=W-ObFM63g28,1,5:32
893,w1VH_UHeZko,https://www.youtube.com/watch?v=w1VH_UHeZko,1,5:32
894,w2Qr6P-_3Qk,https://www.youtube.com/watch?v=w2Qr6P-_3Qk,1,8:57
895,w36C4pWXNls,https://www.youtube.com/watch?v=w36C4pWXNls,1,13:19
896,Wf4PcE3Szyc,https://www.youtube.com/watch?v=Wf4PcE3Szyc,1,9:16
897,WJWXf2A0Nb4,https://www.youtube.com/watch?v=WJWXf2A0Nb4,1,5:11
898,wm03NEoe8Iw,https://www.youtube.com/watch?v=wm03NEoe8Iw,1,6:58
899,WQRKRKmUjls,https://www.youtube.com/watch?v=WQRKRKmUjls,1,12:47
900,WrkrlLC66do,https://www.youtube.com/watch?v=WrkrlLC66do,1,4:50
901,wsTlv9oyhT4,https://www.youtube.com/watch?v=wsTlv9oyhT4,1,54:29
902,wVcwAmI9bQs,https://www.youtube.com/watch?v=wVcwAmI9bQs,1,3:33
903,X_fHa73_nOg,https://www.youtube.com/watch?v=X_fHa73_nOg,1,10:30
904,X-yC18V5H-U,https://www.youtube.com/watch?v=X-yC18V5H-U,1,6:6
905,X0_ptGQGhfw,https://www.youtube.com/watch?v=X0_ptGQGhfw,1,6:37
906,X1MovQo7ck0,https://www.youtube.com/watch?v=X1MovQo7ck0,1,4:56
907,X5DOeWlf3Hc,https://www.youtube.com/watch?v=X5DOeWlf3Hc,1,2:29
908,xcOUMYVCMpY,https://www.youtube.com/watch?v=xcOUMYVCMpY,1,1:59:35
909,XfY2Q7Ien_k,https://www.youtube.com/watch?v=XfY2Q7Ien_k,1,2:29
910,XLk5yks9c_Q,https://www.youtube.com/watch?v=XLk5yks9c_Q,1,7:56
911,xMyXvroH48w,https://www.youtube.com/watch?v=xMyXvroH48w,1,3:8
912,XoI_saOMEk0,https://www.youtube.com/watch?v=XoI_saOMEk0,1,7:25
913,xPrmBcU0cEI,https://www.youtube.com/watch?v=xPrmBcU0cEI,1,4:27
914,xswUGZOVdc4,https://www.youtube.com/watch?v=xswUGZOVdc4,1,13:52
915,XtgcC-ub5S0,https://www.youtube.com/watch?v=XtgcC-ub5S0,1,4:52
916,xTIKoD9E3ug,https://www.youtube.com/watch?v=xTIKoD9E3ug,1,7:56
917,XtiYlNM9jRc,https://www.youtube.com/watch?v=XtiYlNM9jRc,1,1:58
918,XYeUFflb7Bk,https://www.youtube.com/watch?v=XYeUFflb7Bk,1,8:4
919,YF5IVJEOtwI,https://www.youtube.com/watch?v=YF5IVJEOtwI,1,7:57
920,yFREIOHjXuk,https://www.youtube.com/watch?v=yFREIOHjXuk,1,1:27:8
921,YgI5Owxqwts,https://www.youtube.com/watch?v=YgI5Owxqwts,1,6:1
922,yjx1z2rzL34,https://www.youtube.com/watch?v=yjx1z2rzL34,1,7:15
923,YK6WOFxCrjI,https://www.youtube.com/watch?v=YK6WOFxCrjI,1,12:23
924,yL_fgyXXnSM,https://www.youtube.com/watch?v=yL_fgyXXnSM,1,6:31
925,yMMUpzsK4Ec,https://www.youtube.com/watch?v=yMMUpzsK4Ec,1,7:32
926,YSDhcG1Ww_Y,https://www.youtube.com/watch?v=YSDhcG1Ww_Y,1,3:43
927,ysV9FbqBgF0,https://www.youtube.com/watch?v=ysV9FbqBgF0,1,4:8
928,yUn2rGkhUwk,https://www.youtube.com/watch?v=yUn2rGkhUwk,1,3:49
929,Yv6eNmb2Ljo,https://www.youtube.com/watch?v=Yv6eNmb2Ljo,1,4:21
930,YVLxIhCHhpg,https://www.youtube.com/watch?v=YVLxIhCHhpg,1,12:20
931,yw8bpB5L8xo,https://www.youtube.com/watch?v=yw8bpB5L8xo,1,3:35
932,Yy_UOLD2bBE,https://www.youtube.com/watch?v=Yy_UOLD2bBE,1,4:9
933,yz2Q7jFMOPw,https://www.youtube.com/watch?v=yz2Q7jFMOPw,1,4:2
934,z3x3VFyEcZM,https://www.youtube.com/watch?v=z3x3VFyEcZM,1,6:20
935,z9GXI_9DXF0,https://www.youtube.com/watch?v=z9GXI_9DXF0,1,9:38
936,zbqyNtTCY7U,https://www.youtube.com/watch?v=zbqyNtTCY7U,1,6:17
937,zd_DQoLvA1w,https://www.youtube.com/watch?v=zd_DQoLvA1w,1,6:18
938,zEAd2z1knwc,https://www.youtube.com/watch?v=zEAd2z1knwc,1,9:6
939,zGMUJ7BlQMA,https://www.youtube.com/watch?v=zGMUJ7BlQMA,1,7:28
940,zM4qUybIChY,https://www.youtube.com/watch?v=zM4qUybIChY,1,4:59
941,zmWwIVjdBOQ,https://www.youtube.com/watch?v=zmWwIVjdBOQ,1,8:32
942,zO8QzMWZbN4,https://www.youtube.com/watch?v=zO8QzMWZbN4,1,13:55
943,zs3bps_dX9Y,https://www.youtube.com/watch?v=zs3bps_dX9Y,1,5:15
944,ZW9R53MQ8lw,https://www.youtube.com/watch?v=ZW9R53MQ8lw,1,12:12
945,ZwwcTd9iCHw,https://www.youtube.com/watch?v=ZwwcTd9iCHw,1,10:10
946,ZxoxPapPxXk,https://www.youtube.com/watch?v=ZxoxPapPxXk,1,8:5
947,ZXTOs60qgc4,https://www.youtube.com/watch?v=ZXTOs60qgc4,1,10:44
948,Zz1xKXGreoo,https://www.youtube.com/watch?v=Zz1xKXGreoo,1,3:2
949,ZzDTFb78lwE,https://www.youtube.com/watch?v=ZzDTFb78lwE,1,13:39
